firstname,lastname,pesel,bloodgroup,bloodfactor,quantityofblood,date,place
Decca,Hartmann,48419445184,AB,RH+,674,16/1/2019,51558 Corben Plaza
Imelda,Beasley,56615592744,AB,RH+,784,18/6/2018,3 Prairie Rose Place
Christin,Ravillas,79399284471,A,RH+,756,21/2/2018,60984 Northfield Avenue
Elysee,Brazener,00136049425,0,RH-,682,27/3/2019,772 Redwing Lane
Albertine,Ferie,46682265457,AB,RH-,362,3/9/2018,9 Magdeline Terrace
Celle,Grinyakin,26396426840,AB,RH+,273,1/10/2018,77454 Nova Center
Burke,Ripping,70325225689,AB,RH+,533,17/12/2018,5 Graceland Place
Heath,O'Connolly,26791321517,B,RH+,984,18/8/2018,7353 Lakewood Parkway
Myles,Smethurst,96381307041,AB,RH-,594,2/4/2019,8 Kingsford Circle
Terrel,Kildahl,61607809479,B,RH-,443,14/9/2018,0753 Dennis Plaza
Micaela,Amburgy,85180904113,AB,RH-,737,9/12/2018,1 Packers Circle
Jacinta,Siegertsz,06735727633,0,RH-,978,27/3/2018,8 Kensington Place
Yuri,Grinaugh,82826619262,AB,RH+,250,26/2/2018,987 Mallard Junction
Benyamin,Graser,76666009058,B,RH-,673,6/1/2018,12957 Jackson Pass
Jodie,Tesseyman,08541725204,0,RH-,434,15/2/2019,2341 Summerview Pass
Danell,Brandts,38503517335,A,RH+,937,24/3/2018,89 Sugar Trail
Blinni,MacCole,30475868816,B,RH+,992,16/2/2018,71 Springs Terrace
Juli,Phillot,23566783456,B,RH-,202,24/11/2018,88113 Warbler Pass
Cynthia,Grocock,19847755825,AB,RH+,844,18/3/2019,400 Red Cloud Place
Basil,Romney,01038084893,AB,RH+,646,19/1/2019,041 Leroy Circle
Percy,Still,57752902140,0,RH+,889,9/6/2018,989 Becker Place
Lexis,Desaur,09799873832,AB,RH+,938,14/8/2018,75291 Aberg Crossing
Leonelle,Seakin,12714425946,0,RH-,332,12/8/2018,71087 Prairieview Place
Lucille,Thieme,08358029852,B,RH-,258,14/11/2018,4 Pine View Road
Hatti,Pinfold,97102895524,AB,RH-,664,22/4/2019,92317 Red Cloud Road
Lonny,Cristofori,19531632402,B,RH-,912,19/4/2019,12696 Ridge Oak Hill
Yardley,Victoria,98307834728,B,RH+,428,31/5/2018,6 Old Shore Hill
Lesya,Skurray,77242232324,B,RH+,870,1/8/2018,86 Fairfield Drive
Terry,Sowersby,28513112291,AB,RH+,375,13/1/2018,0023 Johnson Terrace
Frazier,Asche,82259289939,0,RH+,933,14/12/2018,724 Anthes Way
Vachel,Roubottom,41598911115,AB,RH+,220,10/9/2018,82353 7th Place
Nicolai,Croisier,66929435903,AB,RH+,212,16/12/2018,80 Mayfield Center
Robyn,Ferriman,43368752302,AB,RH-,986,30/7/2018,57239 Ramsey Pass
Agnola,Rigler,37684833778,B,RH-,894,23/2/2018,18 Grayhawk Parkway
Keen,Impy,64585318427,AB,RH+,236,7/2/2019,3169 Cardinal Place
Morgun,Forsdyke,22781734816,AB,RH-,485,26/9/2018,39 Steensland Place
Sonnie,Talkington,16413040331,AB,RH-,361,13/2/2018,07 Glacier Hill Point
Agnesse,Teodoro,08240611277,A,RH+,811,10/4/2018,304 Fremont Trail
Elka,Atger,45631452009,AB,RH+,217,23/5/2018,6 Rowland Trail
Penelope,Bachmann,85237221193,AB,RH-,830,26/4/2018,9996 Pankratz Junction
Cash,Lovstrom,42428950359,B,RH-,205,24/3/2018,2250 Schlimgen Drive
Nickola,Findley,94737415900,A,RH+,268,31/7/2018,6231 Vidon Street
Reg,Mompesson,07835666082,0,RH+,741,2/2/2019,50387 Hollow Ridge Park
Latisha,Simo,70741302305,A,RH+,346,1/4/2018,30 Hanover Plaza
Georges,Wiggin,64693756824,0,RH-,829,27/3/2018,94 Gulseth Junction
Andree,Fluck,79079634236,AB,RH-,524,30/12/2018,6215 Hoffman Circle
Joyann,Desport,45875423004,AB,RH-,880,27/7/2018,1 Donald Junction
Cher,Leither,90929819499,AB,RH-,680,5/2/2019,45 Eagan Way
Sadye,Silman,95516682043,AB,RH+,842,6/11/2018,62 Dorton Hill
Mela,Rebert,29776169045,AB,RH+,863,19/3/2019,0287 Morningstar Park
Ciro,Vinton,47866788488,A,RH+,895,8/3/2019,95590 Main Park
Lizette,Fortnam,09800962692,B,RH+,229,22/12/2018,58830 Heffernan Way
Pen,Pitford,72471949456,AB,RH+,996,15/1/2019,5 Clove Lane
Mari,Markey,54854125826,AB,RH+,338,11/11/2018,36 Marquette Point
Cissy,Norquoy,79245227950,A,RH-,812,4/1/2018,087 Cottonwood Center
Arleta,Rosenzwig,51971685741,AB,RH+,259,1/4/2018,8 Packers Court
Connor,Essberger,73665665817,A,RH+,936,5/12/2018,6 Meadow Vale Way
Ronnie,Hawlgarth,41113150772,B,RH+,304,25/4/2018,79965 Miller Road
Maybelle,Fuentes,56739057908,A,RH+,827,3/8/2018,4918 Hayes Pass
Letta,Koop,06988191402,A,RH-,747,13/2/2018,02 Moulton Place
Tera,Corney,82078174098,0,RH-,495,29/12/2018,8 Dayton Place
Somerset,Hards,22465458039,AB,RH+,800,12/4/2018,095 Tomscot Terrace
Star,McKeag,88361250369,AB,RH-,556,5/3/2019,21510 Susan Plaza
Merrie,Climo,72301498255,AB,RH-,548,27/5/2018,7 Morningstar Avenue
Ernestus,Sawle,15534726348,B,RH-,470,3/3/2018,7848 Londonderry Drive
Lucien,Anthonies,63299917936,B,RH+,229,7/3/2018,62964 Hagan Hill
Ludvig,Bleyman,36645304718,AB,RH+,607,17/4/2018,33 Pierstorff Court
Lauritz,Letcher,43320987775,B,RH+,878,8/1/2018,229 Talmadge Terrace
Roda,Fanshaw,18262602598,A,RH-,451,20/7/2018,22814 Waxwing Road
Aura,Duffet,30434867445,AB,RH+,361,28/5/2018,1157 Bartillon Way
Otto,Pellington,45978512576,0,RH+,563,12/3/2019,8280 Fairfield Alley
Kinna,Raddish,87480845975,AB,RH+,498,24/7/2018,380 Fairfield Pass
Debera,Harnett,40331796759,AB,RH-,403,26/6/2018,6 Scofield Court
Gert,Stobbart,80524863589,0,RH+,630,24/2/2018,8631 Kim Terrace
Sela,Barles,70088112375,AB,RH+,236,17/9/2018,74 Lake View Crossing
Esteban,Penhalewick,28483892394,AB,RH+,863,14/4/2019,22 Carberry Point
Aubry,Antognetti,25998541385,A,RH+,772,30/4/2018,777 South Place
Merry,Kolushev,35400483893,AB,RH-,209,20/1/2019,3369 Clove Parkway
Nadya,Blaasch,62199644185,0,RH-,750,19/5/2018,8443 Kipling Avenue
Lucais,Doram,74574449941,AB,RH+,756,26/1/2018,7304 Stoughton Junction
Phedra,Longland,62769502350,AB,RH-,488,1/2/2019,4126 Schmedeman Junction
Deane,Yakob,23207041527,B,RH+,995,2/1/2018,53 Vidon Way
Rea,Nowlan,30739430506,0,RH-,968,10/2/2018,79189 Hanover Avenue
Marion,Harnell,90304298582,AB,RH+,962,21/3/2019,53 Stoughton Junction
Emelina,Wakelin,67769441804,AB,RH+,209,11/3/2019,0 Lyons Pass
Randi,Woodall,49569304827,B,RH-,724,17/9/2018,6 Gale Road
Berna,Algy,99456368822,AB,RH+,457,18/6/2018,78647 Ilene Plaza
Ellerey,Govern,10997281392,0,RH-,315,16/3/2019,96315 Sage Street
Anastasia,Baumber,70100353220,AB,RH+,898,15/9/2018,03260 Melvin Park
Averell,Chazerand,44194474979,B,RH+,761,21/3/2018,46840 Grayhawk Trail
Loralee,Buchan,80359616475,A,RH+,243,25/5/2018,70 Barnett Plaza
Hubert,Ourry,69788434115,AB,RH-,388,25/6/2018,6347 Pepper Wood Lane
Clifford,Ogelbe,56375690749,AB,RH-,263,28/4/2018,39 Esker Way
Lenee,Hanhardt,11814969686,AB,RH-,658,11/2/2018,23546 Graceland Trail
Georg,Sandall,05694967556,AB,RH+,875,7/12/2018,4 Oneill Avenue
Eben,Dunnion,86589109659,B,RH-,741,25/3/2018,8 Meadow Ridge Parkway
Sherman,Ovendon,62654595903,AB,RH+,352,21/1/2019,2158 Northport Pass
Yehudi,Collinwood,20852641570,AB,RH-,480,7/3/2019,288 Cherokee Circle
Trumaine,Barclay,03673360150,AB,RH-,413,25/5/2018,71796 Gulseth Trail
Heloise,Eccleshare,64867114868,0,RH+,321,5/2/2019,51 Talmadge Street
Christos,Minogue,91615267971,AB,RH-,279,26/8/2018,91 Oak Valley Avenue
Chico,Robbert,63782093949,A,RH-,228,15/2/2019,4 Independence Street
Clemens,Willmetts,82867512870,B,RH+,691,1/9/2018,56 Longview Parkway
Virgina,Ksandra,95424912807,AB,RH+,991,25/9/2018,7501 Linden Road
Stacey,Salisbury,47066718289,B,RH-,200,11/5/2018,27415 Luster Pass
Udale,Dayes,23961951561,AB,RH+,383,7/3/2018,9 Karstens Plaza
Janel,MacAlpine,43030865030,AB,RH-,248,3/11/2018,42831 Onsgard Road
Lawton,Raulin,56743455235,B,RH+,935,3/11/2018,76 Grover Road
Farlee,Blowers,53321198641,AB,RH-,384,21/4/2019,37346 Lien Place
Alanson,Hamblett,77674966557,0,RH+,870,4/9/2018,00988 Maple Way
Codie,Colliss,97187131546,AB,RH-,413,26/3/2019,74 Fallview Road
Norry,Brierley,09166682846,AB,RH-,683,27/7/2018,8605 Dahle Pass
Luella,Burberow,70938585268,AB,RH+,249,4/4/2019,4311 Service Place
Bidget,Hollingsby,13232832257,AB,RH+,900,12/12/2018,09 Spenser Avenue
Linnea,Larret,90733197411,A,RH-,956,15/10/2018,374 Sunnyside Junction
Malorie,Finlater,43800936028,AB,RH+,920,10/4/2019,271 Sloan Alley
Sibby,Tomlinson,27258310736,AB,RH-,643,2/10/2018,94 East Crossing
Shamus,Spalls,54565335221,AB,RH-,248,11/10/2018,41 Lyons Crossing
Padraic,Antonellini,27592982326,AB,RH+,985,5/7/2018,9249 Lighthouse Bay Trail
Vallie,Dowty,00713414987,A,RH+,648,13/3/2019,676 Nelson Parkway
Collin,Wavish,32569582735,AB,RH-,354,7/8/2018,45 Lotheville Hill
Pandora,Beggi,10378442386,0,RH+,284,13/1/2018,120 Northview Terrace
Augustine,Gabotti,19586716036,B,RH-,635,19/1/2018,123 West Avenue
Ragnar,Kittles,37843580482,AB,RH-,826,12/2/2018,988 Straubel Court
Harlen,Cosgreave,18985226781,B,RH-,990,20/4/2019,28783 Summerview Pass
Riordan,Kincaid,97307098318,0,RH+,741,19/2/2018,36 Dennis Avenue
Willow,Healks,52593419607,AB,RH-,674,11/5/2018,81860 Fair Oaks Junction
Rozamond,Benedikt,29344976965,AB,RH-,966,23/10/2018,532 Sachs Drive
Walker,Cyson,02229057275,AB,RH-,560,16/4/2018,715 Mendota Junction
Casey,Fawdry,96322792566,B,RH+,854,24/2/2019,75 Oneill Alley
Dedra,Gleave,96303407836,AB,RH+,867,27/2/2018,37839 Barnett Terrace
Rennie,Troy,85052979552,AB,RH+,731,20/8/2018,83 Westerfield Center
Talbot,Gregoire,50684127021,0,RH+,867,8/10/2018,83 Corscot Street
Jesus,Goldstein,27640906719,B,RH-,785,18/3/2019,7822 Homewood Point
Filippo,Lawford,92183408162,B,RH+,629,13/2/2019,607 Stone Corner Street
Vernen,Merrington,69376615262,AB,RH-,824,2/8/2018,52 4th Place
Katy,Glassard,65576965453,AB,RH+,687,8/2/2019,06400 Grim Parkway
Carmela,Edgson,69410403820,AB,RH+,765,15/12/2018,0 Lotheville Road
Angele,Shackleton,12764969207,0,RH+,378,10/3/2019,2 Summit Avenue
Jannelle,Neath,24764022340,A,RH+,421,20/8/2018,3533 Pond Hill
Inga,Maunton,43059049472,AB,RH-,284,6/1/2018,66 Corry Parkway
Kelcy,Yurkov,61449577706,AB,RH-,540,2/3/2019,7384 Di Loreto Alley
Clement,Casiero,10397768549,0,RH+,259,25/6/2018,203 Esch Junction
Fairlie,Killigrew,81468953836,B,RH+,742,6/3/2018,01432 Luster Drive
Elita,Pendry,34941833566,A,RH-,927,15/4/2019,0675 Transport Road
Shanie,Wones,61093103865,AB,RH+,509,29/9/2018,71 Stoughton Hill
Gustavus,Chapple,21149096683,AB,RH+,983,15/7/2018,2291 Orin Lane
Krishna,Klimczak,98115398911,AB,RH+,905,13/1/2018,01 Sloan Pass
Zebadiah,Scullin,49243385445,AB,RH-,928,22/2/2019,28 Memorial Circle
Cobbie,Starzaker,54938247263,B,RH+,401,30/7/2018,7495 Golf View Alley
Mikael,Gromley,50262995691,A,RH+,549,22/11/2018,6 Summerview Center
Michal,Tooby,46487075314,0,RH+,642,30/11/2018,747 Jenifer Trail
Oneida,Seath,73044843463,AB,RH+,924,3/11/2018,7074 Hayes Avenue
Hakim,Bilam,48355688154,AB,RH-,546,11/5/2018,4 Sheridan Place
Skip,MacDiarmond,98867530543,AB,RH+,715,5/10/2018,81 Dovetail Drive
Bernetta,Hammatt,82493304883,AB,RH+,550,6/2/2019,4 Bay Trail
Fionnula,Roscoe,35585436972,AB,RH+,653,23/5/2018,47 Cambridge Avenue
Marybelle,Puttnam,79162856035,AB,RH+,355,15/9/2018,322 Melody Junction
Genvieve,Shone,05685950500,B,RH-,834,22/2/2019,00102 Fallview Circle
Kassey,Bellingham,54974266168,AB,RH-,415,3/4/2019,06546 Kedzie Road
Bibbie,Thornbarrow,84092524545,B,RH-,777,7/10/2018,44 4th Hill
Morgen,Varey,77705559833,A,RH-,724,1/3/2019,45 Bayside Parkway
Conny,Pilger,96320739007,0,RH+,267,12/1/2018,503 Vera Crossing
Carla,Giovanetti,95099733550,AB,RH-,535,25/6/2018,0239 Southridge Park
Auberta,Burndred,70271745080,AB,RH+,922,9/3/2019,1 Amoth Way
Ethelind,Shropshire,01471808549,AB,RH+,943,15/1/2018,6754 Pankratz Trail
Chelsie,Torrese,12187315815,A,RH-,689,25/12/2018,57679 Evergreen Point
Katuscha,Orridge,63123437823,0,RH-,886,28/3/2018,0 Brown Way
Felipe,Paddock,60202462693,B,RH+,474,8/1/2019,9079 Mitchell Place
Herc,Lentsch,89626678805,AB,RH+,886,2/2/2019,24 Cambridge Drive
Virgina,Borsnall,99411469695,AB,RH+,738,25/7/2018,792 Esker Crossing
Roderich,Batterbee,27487713373,AB,RH+,700,1/2/2018,7308 Corry Alley
Minda,Downs,05292177019,AB,RH-,238,28/3/2018,226 Gale Pass
Niki,Stealey,32066343430,AB,RH+,516,10/4/2018,1860 Morningstar Terrace
Legra,Appleton,89369469948,AB,RH-,924,25/3/2019,999 Grim Center
Morris,Laudham,72260796643,0,RH-,376,19/5/2018,605 Montana Circle
Kathye,Allsupp,27039449926,0,RH+,511,21/10/2018,507 Becker Hill
Gabriela,Vallens,47875035647,A,RH-,313,6/11/2018,97 Nelson Lane
Prentice,Cokly,44272519861,AB,RH-,285,12/1/2018,68 Lerdahl Place
Jan,Ollin,61701246372,B,RH-,550,17/11/2018,29 Badeau Point
Tulley,Cicci,20728917954,AB,RH-,393,19/7/2018,3827 Mandrake Circle
Goldia,Philimore,23772346397,B,RH-,861,22/9/2018,2911 Hooker Park
Bellina,Carne,21995557273,AB,RH+,429,13/8/2018,52030 Warbler Lane
Dion,Rolph,20735528811,AB,RH-,790,6/4/2018,35 Randy Court
Talyah,Simonassi,13686299574,AB,RH+,816,14/8/2018,97749 Lyons Lane
Janenna,Haysey,44293597373,B,RH-,293,7/8/2018,993 Anniversary Pass
Wallis,Cleugh,23093877835,AB,RH+,263,15/3/2019,37 Service Plaza
Eldredge,Le Borgne,64371556875,0,RH-,812,31/8/2018,24 Golf View Court
Lowe,Chalder,69944531699,AB,RH-,307,25/10/2018,6 Hazelcrest Hill
Gabie,Thirst,36814818183,AB,RH-,539,25/3/2019,0 Truax Junction
Eveleen,Cancutt,24571558470,A,RH+,1000,19/10/2018,49 Lakewood Street
Filippo,Lilliman,40365823757,AB,RH-,956,11/12/2018,00 Tennyson Drive
Janie,Leyband,13226958324,AB,RH+,597,17/3/2019,080 Melvin Hill
Mariann,Rylatt,87758653887,0,RH-,377,20/3/2019,9279 Logan Court
Felipe,Nilges,14535692794,AB,RH-,806,14/8/2018,367 Fordem Place
Gayla,Lamyman,44803265430,AB,RH+,806,10/2/2018,92 Blackbird Junction
Stephen,Barensky,96459005870,B,RH-,805,20/12/2018,539 Oak Lane
Hatty,Roseaman,89815369210,B,RH+,837,4/4/2019,63433 Eastlawn Hill
Abrahan,Jodlowski,10691410547,AB,RH-,231,27/11/2018,557 Gina Point
Bronnie,Colgan,32433380774,AB,RH-,270,16/1/2019,6243 Boyd Hill
Olive,Tierny,87901871170,A,RH-,404,25/10/2018,81 Oakridge Center
Edyth,Blaycock,52656221678,AB,RH+,754,29/10/2018,9782 Waubesa Junction
Cami,Sheilds,35236083520,A,RH+,711,4/10/2018,66 Amoth Park
Ase,O'Sesnane,04306858169,AB,RH-,997,24/4/2019,50019 Tennessee Road
Dorry,Coveney,34049661517,AB,RH-,787,15/6/2018,8110 Ramsey Way
Fidela,Dislee,18166277998,AB,RH-,233,19/2/2018,7898 Eagle Crest Lane
Shelley,Steabler,31658843028,0,RH-,856,18/2/2018,1 Magdeline Parkway
Mirabelle,McTrustam,63717481083,B,RH-,381,31/12/2018,319 Spenser Road
Allene,Nozzolinii,03431613399,A,RH+,988,11/11/2018,67837 La Follette Plaza
Corney,Niesing,76219762140,AB,RH-,642,20/7/2018,43888 Mandrake Hill
Alaric,Twamley,65553661922,AB,RH-,992,30/4/2018,5814 Dahle Terrace
Laurice,Chazelas,85175829701,B,RH-,961,11/3/2018,127 Northfield Crossing
Fernande,Aikman,95273217521,B,RH-,586,5/1/2019,14668 Sommers Park
Zitella,Busse,50774986144,B,RH-,437,2/2/2018,30377 Dorton Court
Dede,Fothergill,41923846837,AB,RH-,895,25/9/2018,583 Bobwhite Parkway
Tripp,Rowlinson,44842499235,AB,RH-,682,13/1/2019,67800 Lawn Road
Jarad,Hyndson,06368575231,AB,RH+,930,27/3/2018,062 Mariners Cove Alley
Aile,Davana,15942958571,A,RH+,509,22/10/2018,46 Londonderry Hill
Chloe,Minnis,45988636970,A,RH-,927,26/1/2019,16 Farwell Lane
Mitzi,Drinkwater,27255800430,AB,RH+,884,27/5/2018,7 Mccormick Plaza
Frieda,Wildin,63207215910,AB,RH-,716,26/11/2018,799 Westerfield Junction
Dukie,Copland,11479988781,AB,RH-,960,19/11/2018,5962 Banding Lane
Marcela,Peel,36578397323,AB,RH-,238,10/2/2018,716 Sommers Road
Shanna,Beseke,01898592990,AB,RH-,297,14/4/2019,7524 Sage Parkway
Kathi,Wraighte,99875489324,B,RH-,998,3/9/2018,31 Packers Avenue
Brigid,Gribbon,02022099144,AB,RH+,558,7/6/2018,10117 Nobel Court
Dierdre,Cockroft,31407472098,B,RH-,273,8/2/2019,45395 Lighthouse Bay Terrace
Sibley,De Gregario,27816580881,AB,RH+,368,13/8/2018,97448 Sachtjen Crossing
Mohammed,Aspel,35484396848,B,RH-,818,11/2/2018,7769 Twin Pines Hill
Minnaminnie,Skelbeck,50123766821,B,RH-,224,4/3/2019,64 Crowley Junction
Trumann,Skinner,51456045217,AB,RH+,294,9/3/2019,9704 Coleman Park
Giordano,Runge,56466686005,B,RH+,771,5/9/2018,41 International Way
Anderea,Winsome,16085306130,0,RH+,792,20/5/2018,940 Arapahoe Plaza
Christin,Grossman,83278088837,AB,RH+,217,30/1/2018,1 Cherokee Parkway
Sandra,O'Donnell,97716956594,AB,RH-,264,18/5/2018,39 Summit Pass
Darryl,Dines,12957263077,B,RH-,418,5/8/2018,013 Kedzie Junction
Baldwin,Elsay,36926308374,B,RH-,874,18/6/2018,55834 Judy Center
Ivory,Corr,83088560280,0,RH-,614,24/7/2018,4392 Fallview Center
Ted,Bindley,53912172363,AB,RH-,974,20/4/2018,997 Mariners Cove Pass
Corella,Moreman,23007196187,B,RH-,688,1/4/2019,504 Buhler Parkway
Delcina,Jaffray,85965312029,A,RH-,246,20/5/2018,8 Green Ridge Alley
Alf,Beasley,73221636259,0,RH+,237,13/2/2019,118 Shasta Lane
Aile,O'Dennehy,53480832457,0,RH-,532,28/9/2018,9498 Canary Street
Wait,Rathe,29282859807,AB,RH-,732,22/4/2019,24 Melrose Alley
Raimund,Edwicke,14808116841,B,RH+,208,18/8/2018,1 Di Loreto Center
Lian,Belsher,55463213163,A,RH+,634,24/3/2019,7 Vernon Terrace
Tommy,Haggus,25972209210,A,RH+,403,13/3/2019,5038 Crescent Oaks Park
Barnaby,Eiler,90632974175,AB,RH+,434,12/5/2018,71131 Oriole Crossing
Yetta,Blevin,29309326827,AB,RH-,428,21/10/2018,5 Walton Trail
Joseph,O'Doherty,33031377982,A,RH-,292,24/2/2019,8 Luster Park
Nonna,Tohill,60038514449,AB,RH-,275,5/3/2019,5663 Old Shore Point
Rowan,Neilus,94585906779,AB,RH-,683,15/7/2018,7 Basil Road
Fanya,Spencley,34519436512,AB,RH+,786,13/4/2018,69794 Rowland Trail
Skipper,Tewkesberrie,09199432527,AB,RH+,996,24/6/2018,611 Granby Center
Eric,Goscar,86166101296,B,RH+,457,11/2/2019,9 Memorial Trail
Evangeline,Yerrington,44222145150,0,RH-,612,21/2/2019,89564 Bartillon Drive
Adiana,Emes,15720501069,AB,RH+,948,2/6/2018,8 Thackeray Terrace
Halimeda,Hannah,39341144590,A,RH+,851,1/12/2018,0014 Independence Pass
Elspeth,Gorries,68369626978,0,RH+,857,27/6/2018,2548 Sycamore Lane
Neda,Craighall,86670069734,AB,RH+,952,27/4/2018,78516 Golf View Park
Cahra,Ellick,69797310374,AB,RH-,787,28/10/2018,341 Donald Court
Robyn,Stephens,60446518510,B,RH-,719,10/3/2018,1 Orin Trail
Wade,Speechly,99046862029,AB,RH+,827,20/6/2018,0464 Corscot Avenue
Megan,Spinello,11798019064,AB,RH-,301,15/8/2018,5 Oak Valley Avenue
Tallie,Golding,02034628690,0,RH-,710,8/2/2018,4 Warrior Hill
Cy,Grastye,96478098909,B,RH+,322,15/8/2018,4965 Butterfield Pass
Wes,Burns,00761081138,AB,RH+,926,28/10/2018,4 Glacier Hill Hill
Laurence,Roberds,45403397427,AB,RH+,791,18/3/2018,0145 Melrose Drive
Adrian,Sharplin,62372659688,0,RH+,752,28/12/2018,5631 Hovde Circle
Roseanne,Munnings,79129282440,AB,RH+,714,26/6/2018,061 Packers Park
Gabbie,Acock,87772089821,AB,RH-,982,20/11/2018,8 Coolidge Lane
Shae,McKeachie,50202076239,AB,RH-,928,1/12/2018,8365 Fisk Pass
Leilah,Stickens,76991674488,AB,RH+,446,12/2/2019,12 Kipling Parkway
Emmy,Kingdon,24974834192,A,RH-,492,26/4/2018,45710 Pond Avenue
Daryn,Strivens,63102953971,A,RH-,791,3/7/2018,28 Merrick Road
Melesa,Brammall,87179385562,AB,RH-,379,12/8/2018,43181 Orin Park
Etheline,Caws,11677552173,B,RH-,652,13/1/2018,05025 Thierer Alley
Isahella,Berardt,51315427356,AB,RH+,334,19/4/2019,62 Bay Avenue
Dur,Fancutt,68479499566,B,RH-,611,15/8/2018,22157 Buena Vista Center
Eleanora,Pithcock,68243129884,AB,RH+,429,2/1/2019,5 Eliot Point
Stanfield,Stag,71009699468,AB,RH+,411,5/7/2018,600 Helena Terrace
Donelle,Husby,28798130851,B,RH+,513,24/9/2018,6 Caliangt Way
Shir,Ginnane,90184184128,AB,RH-,873,30/3/2019,7 Carberry Place
Ely,Forty,34541288616,AB,RH-,239,7/8/2018,88 Dawn Terrace
Birgitta,Joysey,42038876245,AB,RH-,328,7/1/2018,965 Norway Maple Avenue
Melesa,Mirrlees,13232808334,AB,RH-,950,9/12/2018,44 Hermina Junction
Ermina,Jacobsohn,90283439846,AB,RH-,885,16/10/2018,6823 Atwood Crossing
Geralda,Topling,58823064709,B,RH+,642,25/12/2018,6 Kennedy Street
Carlene,Tingcomb,05060224857,AB,RH+,522,15/9/2018,81759 Hovde Way
Natalie,Buscombe,50448712856,0,RH-,287,25/9/2018,28 Vahlen Avenue
Orin,Gooch,96378465588,AB,RH+,350,23/6/2018,596 Logan Center
Ondrea,Gouldsmith,92137699062,AB,RH-,286,5/5/2018,680 1st Junction
Harrietta,Mufford,26514612531,AB,RH+,303,7/9/2018,80 Dawn Circle
Flora,Elliman,79615785721,0,RH+,870,19/12/2018,4 Bultman Road
Norry,Bedborough,09160308274,B,RH-,380,1/3/2019,25328 Little Fleur Alley
Dev,Toe,62676001800,A,RH+,252,29/4/2018,3 Troy Hill
Ellynn,Waplington,60986401691,A,RH-,665,17/9/2018,21823 Helena Park
Bevon,Todhunter,65314360993,B,RH+,730,6/4/2019,610 Cordelia Road
Ring,Wentworth,64680211380,B,RH+,221,19/9/2018,0685 Karstens Way
Paloma,Mouland,37619541500,B,RH-,477,12/7/2018,16385 Merchant Drive
Sigismund,Joontjes,18085104550,AB,RH-,881,20/8/2018,713 Tennessee Hill
Moselle,Blower,33207731628,AB,RH+,505,2/4/2019,764 Cardinal Place
Portia,Hodgin,22543749488,AB,RH+,297,22/1/2018,20 Swallow Drive
Lloyd,Vaughten,68666997399,AB,RH+,511,4/1/2019,80 Sauthoff Point
Tamara,Crauford,14639026809,AB,RH+,543,31/3/2019,44688 Pennsylvania Plaza
Rochester,Bamb,13849366852,0,RH+,848,13/2/2018,719 Welch Trail
Katti,Whieldon,95147175254,AB,RH-,245,6/1/2019,490 Ridgeway Crossing
Dalli,Scandred,95524255116,AB,RH-,510,8/3/2018,17 1st Junction
Anya,Outlaw,66684561608,AB,RH+,380,24/9/2018,83 Almo Road
Fern,Saura,30765427722,AB,RH+,589,12/1/2019,26555 Center Plaza
Gusella,Buchett,53653406537,AB,RH-,479,10/4/2019,787 Sutteridge Terrace
Corene,Debow,40498784947,AB,RH+,792,28/2/2019,164 Messerschmidt Hill
Egbert,Cowser,33457773035,0,RH+,943,26/10/2018,630 Rockefeller Circle
Elihu,Morison,28338452881,AB,RH+,653,12/8/2018,8122 Rieder Way
Chloe,Hanmore,11862723035,A,RH-,782,26/12/2018,4 Reinke Crossing
Towney,Kibel,71248884259,AB,RH+,900,16/6/2018,26261 Straubel Place
Orsola,MacAlister,67767019287,A,RH+,802,1/4/2019,17267 Park Meadow Court
Avigdor,Milne,36435456292,AB,RH+,752,14/1/2019,0 Sachtjen Terrace
Adan,Cristofor,08957114426,AB,RH-,295,30/5/2018,47605 Arrowood Hill
Loralie,Hackelton,45563381486,AB,RH+,548,22/12/2018,8 Northwestern Circle
Philly,Frizell,14195927612,0,RH-,293,8/3/2019,0 Arizona Lane
Deedee,Seabrook,18539675774,AB,RH-,294,18/11/2018,4 Harper Trail
Terrye,Onthank,03564763450,0,RH-,897,11/1/2019,52 Jenna Circle
Hall,Pruvost,72725507703,B,RH+,226,12/11/2018,07878 Melby Road
Pepi,Lohde,32704882862,A,RH-,790,11/11/2018,2591 Vidon Pass
Issiah,McCaig,34844258269,A,RH-,907,9/9/2018,08564 Emmet Crossing
Kristin,Keeting,84694585429,AB,RH+,325,1/5/2018,936 Merry Park
Axel,Longridge,86758105346,B,RH+,527,22/7/2018,7 Fuller Hill
Salvatore,McGillecole,37996507295,AB,RH-,308,30/3/2018,34 Randy Crossing
Branden,Braven,61840954274,B,RH+,212,14/9/2018,4 Express Crossing
Cariotta,Ellul,43954664691,B,RH+,680,20/4/2018,25660 Texas Park
Gunner,Dick,90566914716,AB,RH-,832,2/4/2019,7 Ilene Lane
Brandy,Szepe,40398132654,AB,RH+,569,22/3/2019,5 Eagan Trail
Creigh,Bayless,82540836150,B,RH-,403,6/11/2018,441 Beilfuss Parkway
Kristan,Lashmar,57164040926,AB,RH+,532,14/6/2018,7574 Killdeer Crossing
Roxine,Inderwick,06691172037,B,RH-,365,2/4/2019,82 Carpenter Circle
Rafaelita,Kleinstub,39689314533,B,RH+,957,1/1/2018,81572 Sycamore Place
Hirsch,Loisi,53219006478,0,RH-,358,2/7/2018,3766 Hazelcrest Road
Idell,Trenholme,25849080126,AB,RH+,758,19/3/2018,8 Annamark Pass
Cindelyn,Champley,89238922631,AB,RH-,710,15/1/2019,95274 Longview Way
Barclay,Bertomier,38558273080,B,RH-,657,23/4/2019,74 Corry Trail
Alma,Herreran,57711713826,AB,RH-,679,11/11/2018,2 Beilfuss Drive
Martynne,Burril,09779901116,B,RH+,881,4/2/2018,93 Northridge Junction
Aveline,Foldes,38496814101,AB,RH+,376,27/6/2018,7 Springview Pass
Cross,Klimkov,43266277866,AB,RH+,286,4/2/2019,154 Lukken Crossing
Jemie,Keeton,74281917346,B,RH-,646,14/5/2018,3411 Union Road
Eddie,Alldis,21598514334,AB,RH+,410,10/10/2018,55302 Northfield Crossing
Verney,Sanbroke,71817694278,AB,RH+,928,13/1/2019,694 Springs Trail
Athene,Yole,00733969824,AB,RH-,666,25/2/2019,5217 Mcbride Hill
Lynn,Alabone,42081996093,B,RH+,815,10/3/2018,7 Sloan Drive
Claribel,McElree,57721904773,AB,RH-,810,1/1/2018,118 Granby Street
Tessy,Gaskin,26644512772,A,RH-,898,25/2/2019,7 Michigan Parkway
Roanna,Weeden,88265821475,AB,RH+,283,28/1/2019,84 Stephen Hill
Dorian,Pateman,90227438378,AB,RH-,250,11/9/2018,8 Pond Road
Saudra,des Remedios,64427708118,AB,RH-,824,19/12/2018,4 Mallory Place
Marika,Cartlidge,96164343587,A,RH-,606,17/7/2018,561 Maple Way
Hamlin,Deeson,24733811108,AB,RH+,567,8/7/2018,9143 Almo Parkway
Rebe,Glasscoe,61053819914,B,RH+,558,17/8/2018,57810 Northport Terrace
Julita,Gregorio,73146653586,B,RH+,377,8/7/2018,86300 Bunker Hill Alley
Ancell,Petrakov,90456013602,AB,RH+,357,22/1/2018,9 Hazelcrest Circle
Alyss,Mowsdill,64184354129,B,RH-,387,28/8/2018,9 Thackeray Place
Jackqueline,Dorkin,09405896171,B,RH-,922,19/6/2018,59696 Corry Trail
Rivalee,Broune,59420020171,0,RH+,931,18/7/2018,56447 Sheridan Point
Erastus,Crathorne,72081890462,AB,RH-,755,17/8/2018,25 Lake View Alley
Bald,Clews,94417960294,A,RH+,471,9/3/2019,397 Village Green Drive
Farlie,Hame,03447029923,A,RH+,245,31/5/2018,35073 Sullivan Parkway
Carlene,Sheeran,02373351073,A,RH-,658,16/1/2018,8855 Rutledge Center
Ainsley,Edgett,39140042036,B,RH-,485,22/8/2018,0575 Trailsway Point
Karlis,Adamovsky,47816792153,B,RH-,741,22/2/2019,676 Moose Point
Fredra,Paunton,20334494157,AB,RH-,369,9/12/2018,80202 Schlimgen Park
Egon,Osman,18694202005,AB,RH+,873,30/5/2018,7 Oriole Terrace
Tabbatha,Mounsey,48544735834,AB,RH-,247,23/10/2018,162 Barnett Junction
Tibold,Soan,73431497079,0,RH+,918,6/1/2018,417 Stuart Court
Sophia,Gwynn,28314989757,B,RH-,681,16/2/2018,8 Kipling Circle
Cathee,Tunney,47539033802,AB,RH-,907,4/12/2018,70 Cottonwood Lane
Adi,Stronack,72128496244,AB,RH-,478,22/3/2018,43 Corben Alley
Broderick,Howe,13351681724,0,RH-,269,18/3/2019,6124 Meadow Ridge Junction
Eryn,Ashbridge,74110151786,A,RH-,424,24/3/2019,3 Gale Circle
Carlyle,MacCartney,25950716554,B,RH-,212,23/6/2018,9718 Thierer Plaza
Hurley,Hackey,80434051433,A,RH+,538,25/1/2018,932 Eggendart Terrace
Bianka,Rushbrooke,22679521191,A,RH-,681,10/6/2018,5 Burrows Road
Chrisy,Aviss,41879888337,A,RH+,564,2/7/2018,3415 Northview Street
Iosep,Noden,33803520447,B,RH+,301,5/10/2018,294 Eastlawn Parkway
Patty,Durnford,50969213735,A,RH-,244,21/11/2018,8040 4th Way
Reynard,Bebis,72631903772,B,RH-,314,2/3/2018,11808 Cambridge Street
Elsey,Brandoni,07946246954,B,RH-,504,5/6/2018,9 Lakewood Circle
Quinta,Johnston,29631502556,AB,RH-,855,8/4/2019,6 Lakewood Hill
Germana,Fieldhouse,42577926122,B,RH-,344,21/1/2018,5723 Straubel Drive
Tiphany,Mangion,68667137749,AB,RH+,857,18/12/2018,4 Dovetail Parkway
Carlos,Blamires,46022400174,AB,RH-,474,29/1/2019,6 7th Circle
Udell,Santon,45202774943,B,RH-,724,29/1/2018,44093 Hintze Avenue
Penny,Slatcher,04923187047,AB,RH-,961,26/2/2019,1 Hansons Circle
Sile,Starbucke,87842774729,B,RH-,904,23/5/2018,8169 Bunting Center
Eden,Inglis,64367242018,AB,RH-,227,5/2/2018,7 Ilene Circle
Brittan,Suart,58955527149,AB,RH+,577,8/3/2018,14 Dwight Street
Zack,Pipping,54276475230,AB,RH+,778,30/9/2018,06585 Linden Alley
Alex,Garwill,85272611868,AB,RH+,940,24/3/2019,63393 Rutledge Center
Udell,Braunroth,71024333249,0,RH-,205,31/12/2018,636 Pierstorff Parkway
Osmond,Peregrine,78648958240,AB,RH-,725,16/3/2018,8568 Hazelcrest Hill
Zechariah,Stonbridge,08194758922,B,RH-,939,3/3/2018,6119 Stoughton Circle
Dirk,Syrad,15063816304,AB,RH+,823,31/3/2018,0 Caliangt Junction
Morgen,Dorsey,61316917214,AB,RH+,573,11/9/2018,13 Farragut Avenue
Virgilio,Bodell,09467258639,AB,RH+,936,22/5/2018,9 Kings Crossing
Christina,Nisbet,13388538184,AB,RH+,977,26/12/2018,755 Anhalt Trail
Robers,Ridgers,14932746206,AB,RH+,391,20/9/2018,226 Sunbrook Parkway
Garfield,Moggach,06252516059,AB,RH+,829,10/7/2018,6 Colorado Park
Charlie,Cutten,75843389567,AB,RH+,351,11/1/2018,50411 Arapahoe Avenue
Kirby,Gallimore,61001205695,B,RH-,874,30/3/2018,2610 Messerschmidt Alley
Sherwood,McEvilly,57694684588,B,RH+,595,1/1/2019,65077 Aberg Alley
Andie,Kinnier,30556562248,0,RH+,304,25/8/2018,0 Mayer Junction
Kristyn,McKirdy,56540406539,AB,RH+,896,4/7/2018,93 Ridge Oak Plaza
Windham,Elland,92741006451,AB,RH-,424,31/5/2018,45 Dwight Drive
Xever,Muro,66245031828,AB,RH-,463,1/2/2019,6982 Fremont Court
Jackelyn,Nolda,38238642453,AB,RH+,942,10/1/2018,00088 Chive Place
Mae,Leads,17307606915,B,RH-,419,9/2/2019,1 Mayer Avenue
Jehanna,McComish,01598745740,AB,RH-,674,16/8/2018,49 Transport Way
Archibold,Cuttle,58602746960,B,RH-,636,18/1/2019,05178 Hovde Drive
Oberon,Madill,45532257063,AB,RH+,277,5/8/2018,6 Chinook Trail
Ronnie,Coit,94056360005,B,RH+,839,12/9/2018,4 Cordelia Junction
Chev,Morrad,14670359384,0,RH-,732,6/4/2019,97 Anzinger Court
Constancia,Kerridge,37216050943,B,RH+,310,2/2/2019,3817 Sugar Trail
Wainwright,Edgell,20307737068,B,RH-,887,7/7/2018,4 Express Point
Lyssa,Starbuck,67340985559,AB,RH+,826,10/12/2018,4 Bonner Street
Lewie,Abbotts,58852165784,AB,RH-,416,19/10/2018,4 Hallows Street
Richmound,Yurukhin,56279920754,A,RH-,893,28/2/2019,08902 Katie Point
Kellby,Leffek,73180800367,AB,RH+,799,8/5/2018,439 Dottie Trail
Charity,Tolland,13766296189,B,RH-,281,21/2/2018,8 Esker Parkway
Christyna,Sendall,31884783961,B,RH+,570,25/5/2018,383 Lotheville Lane
Clevie,Villalta,50606901904,A,RH+,667,9/3/2018,0 Brickson Park Street
Giffer,Saker,62223402857,0,RH-,542,12/4/2019,1 Daystar Trail
Adena,Lowrey,24679633559,0,RH-,830,11/5/2018,7314 Lunder Avenue
Florie,Strike,54072232314,0,RH-,328,14/9/2018,2247 Kedzie Road
Brett,Meese,68572834413,B,RH+,819,8/7/2018,74895 Comanche Drive
Arne,Gammell,62573262261,AB,RH-,523,5/3/2018,059 Bayside Hill
Kelley,Mourton,14361568546,A,RH-,1000,7/11/2018,362 Glacier Hill Parkway
Florette,Pollins,78648290309,AB,RH-,224,5/10/2018,61 Esch Trail
Klarrisa,Litherborough,25384011225,AB,RH+,699,21/2/2019,34760 Forest Dale Park
Noland,Kristof,43932219866,0,RH-,523,16/2/2019,7585 Heffernan Hill
Faber,Bussen,27891988536,B,RH+,661,6/3/2018,4 Starling Center
Thurstan,Dominichelli,11250542879,B,RH-,720,24/12/2018,6 Pine View Hill
Enrichetta,Weyland,08184899725,0,RH-,985,22/10/2018,9382 Johnson Plaza
Nevil,Jobbing,97943497486,AB,RH-,326,27/2/2018,94 American Park
Cooper,Quirk,78219630810,A,RH+,426,13/4/2019,427 American Ash Court
Verena,Maccraw,93733080570,AB,RH+,630,26/1/2019,57345 South Way
Terrie,Michurin,52460780984,AB,RH-,660,8/5/2018,22 Hanson Center
Cora,Rachuig,80062219811,B,RH+,982,12/9/2018,319 Basil Point
Gerianna,Schlag,26896369556,AB,RH+,443,26/4/2018,9962 Amoth Lane
Gavan,Driscoll,34506705253,A,RH+,287,9/1/2019,699 Dunning Avenue
Ninetta,Uzielli,52286192376,AB,RH+,623,15/9/2018,111 Norway Maple Junction
Lombard,Killich,17406872562,B,RH-,478,8/8/2018,46 Maple Wood Center
Kath,Lovemore,02140281636,0,RH+,908,29/3/2018,916 Shelley Park
Leon,Barraclough,57302371230,AB,RH+,339,9/4/2018,914 Kensington Alley
Free,Treweela,42004628131,0,RH+,298,18/1/2019,7577 Nova Avenue
Thibaud,Cutford,65509993762,B,RH+,682,1/3/2019,5 Graceland Parkway
Nanny,Hilliam,11617725379,B,RH-,717,7/4/2019,90 Mosinee Way
Janene,Antoszewski,25291343450,B,RH-,513,2/1/2018,29 Stoughton Plaza
Shanon,Baselio,36643275110,AB,RH-,383,29/1/2018,5476 Randy Point
Winn,Custed,06516937915,B,RH-,961,19/4/2019,341 Longview Center
Melloney,Bocken,05040452405,AB,RH-,440,26/12/2018,8 Saint Paul Pass
Iver,O'Growgane,56363688459,AB,RH-,287,19/10/2018,404 Kim Point
Avril,Filippi,35274492332,A,RH+,752,6/2/2019,17 Merry Lane
Angelo,Gentery,33400830377,AB,RH-,286,15/8/2018,58 Alpine Center
Shellysheldon,Camock,39224610042,AB,RH-,335,31/1/2018,5 Blaine Hill
Ellene,Yannoni,24157384393,AB,RH-,604,19/8/2018,13 Sutteridge Road
Mal,Tremmel,61848701015,A,RH+,623,9/5/2018,99516 Monument Avenue
Simone,Mustarde,64807589414,B,RH-,308,11/7/2018,37 Ridgeview Parkway
Othelia,Van Merwe,84253550509,AB,RH+,212,25/6/2018,494 Fisk Park
Hanan,Fairlam,56015769032,B,RH-,466,1/12/2018,6 Roxbury Point
Dru,Gosney,69581401481,AB,RH+,883,22/3/2019,55 Dovetail Avenue
Carver,Van Velden,53101551177,AB,RH-,320,23/9/2018,8194 Reinke Plaza
Irv,Bryers,95337583848,AB,RH+,848,19/3/2018,2579 Bonner Junction
Alicea,Zorzenoni,48066714215,AB,RH+,664,28/11/2018,60830 Rusk Trail
Edwina,Littlechild,50004672331,AB,RH-,568,4/1/2019,26498 Lakewood Gardens Plaza
Robena,Iorizzo,44451478164,B,RH-,307,14/1/2018,789 Hoffman Trail
Myrtie,Janz,25359049004,AB,RH-,350,27/2/2018,77 John Wall Place
Nettle,Ollerenshaw,52503331330,AB,RH-,594,4/6/2018,97732 Hoffman Center
Gustaf,Kidby,14252589439,B,RH-,277,9/4/2019,9 Cambridge Alley
Brandie,Spray,56690951335,0,RH-,206,15/6/2018,1247 Mesta Place
Lonna,Kirkhouse,67091796754,AB,RH-,631,12/7/2018,74 Farwell Junction
Nalani,Dollin,56790432974,B,RH+,976,28/12/2018,72709 Karstens Place
Jean,Birts,88753570725,AB,RH+,744,27/9/2018,10012 John Wall Way
Karlotta,Hardcastle,41127283541,B,RH-,735,1/3/2019,6704 Loeprich Avenue
Andre,Grassett,36392553853,AB,RH-,423,6/7/2018,091 Lerdahl Road
Kalina,Rubra,51400056658,AB,RH+,716,1/6/2018,265 Hovde Pass
Filippa,Blunderfield,27241769504,0,RH+,774,15/9/2018,63 Becker Hill
Ingamar,Edwicke,40428897672,AB,RH-,924,18/1/2018,25106 Continental Way
Caren,Foden,89012888799,0,RH-,752,16/6/2018,9462 Talisman Way
Michaelina,Gerran,97895857469,AB,RH+,593,20/1/2018,72758 Melby Court
Reggi,Berge,37899866517,AB,RH+,442,6/5/2018,613 Wayridge Place
Roosevelt,Bramford,23857600330,AB,RH+,407,18/1/2018,46337 Di Loreto Crossing
Josh,Greenhill,96422214112,AB,RH-,415,5/1/2018,3725 Old Shore Hill
Leda,Green,41867576115,B,RH+,969,7/3/2019,68 Burrows Drive
Buffy,Theyer,54808320577,A,RH-,261,26/1/2019,1 Logan Pass
Ransell,Harbard,78490636516,AB,RH+,367,8/3/2018,53 Crowley Center
Trey,MacGiffin,69433936239,AB,RH+,600,30/1/2018,58 Calypso Parkway
Judith,Ceillier,24422730970,0,RH+,661,5/1/2018,04 Norway Maple Place
Pippy,Van Niekerk,51710953701,B,RH+,729,6/5/2018,151 8th Avenue
Farah,Colbran,91083901960,AB,RH+,431,17/12/2018,50214 Parkside Road
Garey,Clulee,53023613522,AB,RH-,997,25/2/2018,2 Warrior Avenue
Frankie,Templeton,77306963963,B,RH-,242,27/6/2018,018 Grayhawk Junction
Cammy,Oels,30708729349,0,RH+,936,10/9/2018,2642 Vera Crossing
Olia,Kaesmans,74809108666,B,RH-,452,11/1/2018,3 Rieder Street
Ewan,Fundell,83200058352,B,RH+,614,28/9/2018,7 Shasta Circle
Oliy,Kavanagh,11483179751,AB,RH+,275,7/6/2018,8 Texas Terrace
Lizbeth,Swarbrick,64341849637,AB,RH-,597,19/5/2018,05559 Mcbride Junction
Gustave,Maith,44614379688,AB,RH+,353,31/7/2018,2 Gina Drive
Bridget,Lockton,68770153733,AB,RH-,587,11/2/2019,6851 Fieldstone Hill
Margi,Bradwell,23084456831,AB,RH+,530,22/12/2018,1 Bowman Place
Edwin,Matyugin,85886038603,B,RH-,688,20/1/2019,93 Starling Court
Xavier,Olney,71806992388,AB,RH+,649,17/1/2019,336 Shopko Junction
Abie,Harbor,79390848691,AB,RH-,317,30/10/2018,4776 Loomis Road
Nessi,Adrienne,98865859269,A,RH-,420,26/1/2019,3324 Tennyson Place
Rudiger,Van Weedenburg,73000701870,AB,RH-,913,5/9/2018,74 Eagle Crest Way
Myriam,Hazle,50490887753,AB,RH-,920,28/11/2018,19 Loeprich Way
Viola,Brinsden,82658567233,AB,RH+,516,14/2/2019,3879 Gulseth Lane
Deny,MacPaden,05971581505,AB,RH-,930,27/2/2019,28 Arkansas Junction
Alyson,Castellaccio,97503217241,AB,RH-,221,17/2/2018,05956 Dixon Road
Lilas,Fills,60176157471,AB,RH+,347,23/2/2018,90 Summer Ridge Park
Corry,Sings,54878216929,AB,RH-,230,27/1/2018,02 Bonner Crossing
Perice,De Leek,26306028178,AB,RH+,655,24/4/2019,05886 Service Hill
Randene,Colliar,94229020236,AB,RH-,414,19/4/2018,6248 Gale Junction
Tamara,Depper,51718339818,AB,RH+,333,22/9/2018,98898 Nelson Alley
Juliann,Yewdall,61404714699,AB,RH+,730,2/9/2018,12004 Linden Terrace
Rollo,Godthaab,71268703229,AB,RH+,840,20/1/2018,68306 Weeping Birch Trail
Keary,Atteridge,86235201224,AB,RH+,268,15/8/2018,08082 Eastwood Center
Deeann,Ferbrache,93963398027,0,RH-,623,26/2/2018,305 Bartillon Hill
Maddalena,Scrogges,66703465086,A,RH+,912,23/2/2018,7983 Sutherland Road
Kylila,Antonchik,17007426238,AB,RH-,331,17/8/2018,5880 Sheridan Place
Trixy,Bruck,03072479830,AB,RH+,689,25/5/2018,8 Blackbird Circle
Cross,McGarvie,81157947359,AB,RH+,985,25/1/2018,1692 Thackeray Alley
Simona,Pletts,53260435349,B,RH-,503,18/3/2018,2 Harper Point
Madelle,Rutter,13369967221,A,RH+,474,19/4/2019,21090 Delaware Road
Andriana,McManamen,26429621865,A,RH-,274,10/7/2018,3221 Caliangt Alley
Tera,Boyland,90910585220,AB,RH+,327,16/4/2018,77105 Riverside Road
Liuka,Purselowe,33919211762,B,RH-,484,3/2/2019,8520 Dakota Street
Vonny,Bestwall,84329393241,B,RH+,900,18/2/2019,991 Straubel Center
Myrlene,Sorby,25607738505,0,RH-,509,5/10/2018,3308 Elgar Plaza
Miner,Dable,09466333726,AB,RH-,457,18/7/2018,50 Waywood Crossing
Lin,Danilenko,70020286525,AB,RH+,208,16/5/2018,03932 Lyons Plaza
Shannon,Sweeny,20595946528,AB,RH-,913,24/1/2019,4 Lunder Place
Griff,Shawyer,66373755885,AB,RH-,740,4/12/2018,995 Armistice Avenue
Allyson,Barkas,26608841361,A,RH-,284,3/2/2018,5268 Kenwood Way
Matilde,Nestor,98226965414,AB,RH-,422,5/2/2018,1818 Park Meadow Lane
Jasen,Corneille,07828326856,AB,RH+,501,3/5/2018,0 Debs Way
Alan,Pawlaczyk,67820598776,AB,RH+,757,11/4/2018,21 Springview Street
Abra,Wolford,60468151424,AB,RH-,825,23/2/2018,82 Pearson Crossing
Yankee,Kleinbaum,04591783363,AB,RH-,672,15/5/2018,88739 Tennessee Way
Almira,Bayly,75103720995,0,RH+,615,19/10/2018,2 Surrey Terrace
Darline,Munday,05582914269,A,RH-,524,5/4/2019,80162 Carioca Trail
Earl,Chate,66106360599,0,RH+,727,4/3/2019,43 Sheridan Drive
Filberto,Melato,15542608383,B,RH+,245,11/3/2019,827 Cherokee Park
Ianthe,Innocenti,11707123140,0,RH+,667,2/12/2018,3 Shelley Hill
Myrvyn,Kestle,58406629694,0,RH+,568,13/4/2018,88 Dorton Street
Brittne,Cowe,45396121371,AB,RH-,451,13/6/2018,8550 Independence Road
Cazzie,Beckinsall,67055817564,A,RH-,589,21/6/2018,3 Sutherland Alley
Cherilyn,Emmens,16466436977,0,RH-,733,18/4/2018,6 Welch Parkway
Josi,Maidstone,06839787383,A,RH-,749,1/3/2019,83459 Hayes Park
Evanne,Dana,36814057771,A,RH+,806,2/9/2018,48050 Waubesa Way
Forster,Gagie,22874525048,A,RH-,561,2/3/2018,0042 Loomis Alley
Melissa,Cordel,60737941350,B,RH-,699,28/9/2018,1 East Point
Jannelle,Shortall,37694204492,0,RH-,852,26/6/2018,884 8th Terrace
Eveline,Eich,47948897455,AB,RH-,807,9/4/2019,305 Springview Parkway
Orsola,Desforges,10333378079,B,RH-,502,10/4/2018,44 Stoughton Junction
Glenn,Griniov,85297614321,AB,RH-,252,29/4/2018,6872 Artisan Hill
Constantia,Hawlgarth,30216128373,AB,RH-,516,16/1/2019,46104 Old Shore Junction
Sibella,Medgewick,68982264129,B,RH+,284,23/4/2019,6 Graceland Alley
Roanne,Studdeard,15245955222,AB,RH+,445,24/3/2019,15850 Redwing Court
Monte,Arpur,42658413670,AB,RH-,744,23/8/2018,4 Killdeer Junction
Rinaldo,Clewlowe,59646066497,AB,RH-,379,6/2/2019,79071 Springs Plaza
Frederigo,Doyley,63250155532,AB,RH-,411,19/3/2018,03 Evergreen Parkway
Benedikt,Gariff,02871625044,B,RH+,832,31/3/2019,01 Eagle Crest Park
Merrili,Pirkis,17606581507,AB,RH+,204,17/4/2019,1 Elka Park
Perle,Meecher,51479930210,B,RH-,908,14/7/2018,1 Kropf Way
Shirlene,Dmitrievski,05889264790,B,RH+,285,26/6/2018,26596 Mallard Road
Dolores,De Gregorio,33022894018,AB,RH+,892,31/10/2018,1 Rusk Trail
Kin,Learned,80399613721,AB,RH-,666,15/2/2019,730 Hollow Ridge Park
Sharline,Dingate,96198762172,B,RH-,292,24/4/2018,5 Becker Road
Cameron,Vant,56454258732,AB,RH+,772,9/2/2018,6284 Jenifer Street
Lindsey,Quiddihy,60080464293,AB,RH+,458,26/10/2018,30 Spenser Alley
Hewett,Chetwind,23897683642,AB,RH-,519,26/1/2018,54 Hollow Ridge Junction
Danny,Fyldes,10810074844,AB,RH+,543,20/6/2018,7 Jenna Street
Jenna,Pettendrich,77357464420,B,RH+,791,20/7/2018,88 Blackbird Terrace
Vaughn,Ludl,82837874148,AB,RH+,530,9/2/2018,9 New Castle Court
Fancie,Sphinxe,89043701377,B,RH-,311,28/4/2018,0312 Graceland Trail
Sybille,Deeny,58093335188,0,RH-,587,11/5/2018,44100 Basil Parkway
Salem,Blackhurst,15161039311,B,RH+,545,19/11/2018,9338 Sommers Road
Sheffield,Probbin,80257905662,AB,RH+,755,5/8/2018,55185 Novick Terrace
Andie,Rymour,28780148393,AB,RH+,974,28/2/2019,852 Hanover Pass
Riley,Meller,33494476647,B,RH+,669,3/2/2018,685 Kipling Center
Hulda,Tooth,05115496101,AB,RH+,403,12/8/2018,0105 Barnett Hill
Opal,Andreichik,93648267584,B,RH-,737,17/5/2018,489 Utah Trail
Ana,Buckell,93370723743,AB,RH+,640,18/2/2019,1 Kipling Junction
Harwell,Keary,75494465495,B,RH-,270,15/2/2019,622 Bowman Alley
Darla,Gullick,09812322079,AB,RH-,579,4/2/2019,55036 American Street
Marcello,Darthe,72626480140,AB,RH+,934,4/8/2018,5113 Muir Point
Deirdre,Giral,59209817370,AB,RH+,339,7/7/2018,239 Larry Junction
Jeremias,Crowter,85487257513,0,RH+,867,18/1/2019,4280 Spenser Crossing
Devonne,Potteridge,83253723695,AB,RH+,760,18/2/2019,3 Rieder Circle
Erminie,Ludvigsen,16467990086,AB,RH-,936,10/1/2019,06 Burning Wood Court
Rodrick,Nanuccioi,41735339624,0,RH-,805,16/2/2019,94 Schlimgen Lane
Bentley,Upham,03703007924,0,RH-,296,22/3/2019,22 Kim Road
Abeu,Jannasch,46085416421,B,RH-,614,17/7/2018,54 Farragut Parkway
Halsy,Utteridge,53310629542,B,RH-,366,15/2/2019,633 1st Center
Giffie,Ivan,95642725986,AB,RH-,901,31/1/2018,628 Nobel Crossing
Lexie,Koppens,02170835026,AB,RH-,413,13/4/2018,6 Bluestem Lane
Mellisent,Pesticcio,32263904630,B,RH-,484,24/8/2018,51655 Sheridan Circle
Catriona,Medlen,96095985045,0,RH-,626,2/9/2018,8525 Harper Crossing
Sibbie,Ripsher,32613401778,B,RH-,228,27/11/2018,21195 Mendota Place
Ara,Desquesnes,68726766911,AB,RH+,766,6/10/2018,44 Lighthouse Bay Junction
Sherline,Hildrew,47890857704,B,RH+,840,10/1/2018,51 Lunder Avenue
Kaila,Alwen,06876800817,AB,RH-,766,27/8/2018,87657 Hermina Center
Delores,Bentham3,28319910147,B,RH+,651,22/6/2018,034 Crownhardt Trail
Giles,Dewitt,99976155011,0,RH-,885,20/1/2019,7078 Hazelcrest Way
Juliann,Hoyer,09025138687,AB,RH-,910,22/5/2018,4 Hanson Center
Tillie,Heskey,90775862936,B,RH+,272,3/3/2019,60 Amoth Park
Halie,Isacsson,79691801705,B,RH+,637,16/8/2018,3 Ronald Regan Court
Luther,Growden,52590664725,AB,RH+,753,18/3/2018,8 David Lane
Marisa,Lidyard,12272974798,AB,RH+,852,8/1/2018,3567 Canary Hill
Domenico,Gallaway,63986034656,AB,RH-,238,27/2/2018,088 Crownhardt Plaza
Lizzy,Housley,27443287948,A,RH-,240,13/2/2019,3441 Stoughton Court
Melamie,Kasher,35265948110,AB,RH+,443,3/7/2018,84643 Messerschmidt Pass
Jennifer,Deadman,60170629567,B,RH+,590,31/3/2018,7 Shelley Place
Leonardo,Merioth,06584686667,AB,RH-,730,10/9/2018,790 Washington Way
Wilek,Rouke,92299275891,AB,RH+,933,8/3/2019,8 Hagan Parkway
Lydia,Poe,73977528167,AB,RH+,718,10/1/2018,58 Weeping Birch Trail
Babita,Cherrie,57348025391,AB,RH+,440,22/4/2019,2 Kenwood Terrace
Sherwood,Nicklin,85335728429,AB,RH+,506,9/5/2018,8 Hudson Court
Glen,Dollard,70576274047,B,RH+,235,22/6/2018,79 Pennsylvania Junction
Valera,Leyzell,57327385148,AB,RH+,522,18/5/2018,8 Lien Terrace
Hally,Libreros,88333138026,AB,RH-,283,22/2/2019,53 Sycamore Plaza
Chiquia,Larrett,44664357933,0,RH+,696,14/1/2018,070 Nelson Junction
Nita,Blance,14847502951,AB,RH+,553,30/10/2018,1 Petterle Terrace
Marta,McKinty,20517325392,0,RH-,811,23/2/2019,07583 Spohn Junction
Salvatore,Rides,14186507700,AB,RH-,412,14/4/2019,521 Springview Point
Ximenez,Bardell,20062502243,AB,RH-,934,4/5/2018,686 Blue Bill Park Junction
Brien,Doree,13427996194,AB,RH-,608,22/9/2018,10906 Petterle Center
Adrien,Lamshead,69169146832,A,RH-,663,13/6/2018,8649 Pleasure Plaza
Fitzgerald,Huws,60069900401,AB,RH+,715,13/1/2019,8024 Meadow Valley Park
Odele,Cowderoy,86159102317,B,RH-,639,2/1/2019,1 Jackson Point
Jerrilyn,Mordey,15312476266,A,RH+,998,15/10/2018,6 Village Court
Blayne,Spiniello,58102829487,0,RH-,861,10/4/2019,44 Fulton Terrace
Ragnar,Zute,15882984544,AB,RH-,320,7/4/2018,5807 Kenwood Point
Keri,Balmforth,01758591312,AB,RH-,244,17/11/2018,904 Northridge Road
Dennie,Keywood,00209564093,A,RH-,451,2/3/2018,8 Sage Point
Jacky,Springham,65690829566,0,RH+,578,5/2/2018,2 Thackeray Parkway
Gabriello,Jarritt,51527770838,AB,RH-,970,24/1/2019,9 Thompson Way
North,McLeoid,30635594290,0,RH-,426,20/9/2018,507 Roth Parkway
Abbie,Bellenger,43423486654,AB,RH+,461,4/4/2018,4 Merrick Avenue
Tomasina,Mabbitt,17653085544,B,RH+,624,20/3/2018,9110 Grover Point
Beatrisa,Crole,47553893691,AB,RH-,954,19/1/2018,6894 Sundown Street
Ranee,Merrifield,24619086609,AB,RH+,773,13/11/2018,179 Transport Terrace
Livy,McGeouch,13686745516,AB,RH-,595,30/1/2018,1 Anderson Lane
Babita,Shirer,11719085723,AB,RH+,516,23/1/2018,15795 Larry Alley
Kanya,Wyard,99079449329,B,RH+,939,21/9/2018,490 Drewry Point
Onfre,Cooksey,76083811872,A,RH-,228,10/5/2018,2705 Moland Point
Hasty,Guillond,92878704797,AB,RH+,411,22/4/2019,432 Erie Trail
Zak,Chesnut,10826966968,AB,RH+,255,7/4/2018,1 Arkansas Parkway
Tallia,Baythrop,34412363235,AB,RH+,453,21/1/2018,33 Kingsford Avenue
Rozella,Godspeede,24246033288,0,RH+,750,2/6/2018,7 Upham Way
Tull,Attarge,57550679563,AB,RH-,225,6/9/2018,4 Mandrake Alley
Tara,Streight,29937581935,A,RH-,964,20/3/2018,15368 Carioca Avenue
Merwin,Cawse,34125708974,B,RH+,940,28/11/2018,4078 Golf View Way
Norean,Ammer,75036608215,B,RH-,474,8/3/2019,63620 Debs Drive
Louisa,Godlee,11404456062,B,RH+,270,24/2/2019,140 3rd Point
Meridel,Timbs,02438309344,B,RH-,791,11/2/2019,89203 Briar Crest Junction
Hendrick,Burchnall,69302113589,0,RH+,842,4/11/2018,55 Saint Paul Alley
Eolanda,Shortt,84085067314,AB,RH-,483,13/7/2018,46 Ilene Point
Welby,Beiderbecke,73158599666,B,RH-,876,7/1/2018,30566 Mendota Court
Cherey,Cromley,96029993888,B,RH+,401,17/3/2019,69817 Eliot Court
Erie,Maryet,14224618086,AB,RH+,218,18/1/2019,39456 Manley Pass
Ray,Dumberrill,53852135907,B,RH+,750,25/1/2018,3 Swallow Center
Darell,Kiraly,08597470865,B,RH+,967,18/3/2019,66 Mandrake Place
Shawn,Coche,89240828346,AB,RH-,229,16/9/2018,295 Cardinal Circle
Noell,McKeady,99538728946,0,RH-,956,6/4/2019,03 Badeau Pass
Brandon,Guinery,22754091092,AB,RH-,366,6/2/2019,1385 Hayes Junction
Tasha,Chaffyn,54449647269,AB,RH-,577,3/3/2018,9 Dakota Center
Marianne,Waddell,68670269215,B,RH+,346,16/11/2018,391 Amoth Circle
Clevey,Bradock,62079832123,B,RH-,669,10/7/2018,3 Manley Point
Beverly,Obington,31974908722,B,RH+,705,22/10/2018,7 Kropf Parkway
Alisa,McEnhill,05028750613,0,RH-,896,7/2/2019,06 Gerald Street
Mac,Sindell,65831103695,AB,RH-,294,11/5/2018,825 Division Crossing
Nels,MacAdie,81667131022,AB,RH+,410,22/10/2018,7 Bunting Crossing
Hall,Fortie,54451024480,B,RH-,886,21/1/2018,6 Cody Center
Leese,Gheerhaert,55424025311,AB,RH-,614,7/11/2018,42421 Northview Crossing
Dionysus,Fazakerley,30738851707,B,RH-,576,26/2/2018,90 Thierer Point
Clementia,Boswood,76073741908,B,RH+,682,26/11/2018,35365 Westerfield Road
Archibold,Hagart,86399445117,AB,RH-,778,11/4/2019,170 Westerfield Junction
Priscilla,Gronou,60675687939,A,RH-,215,17/11/2018,66092 Forest Dale Drive
Luisa,Andrey,28383382119,A,RH+,832,2/2/2018,56 Summer Ridge Way
Merlina,Rubinsaft,88023859535,AB,RH-,576,26/10/2018,62 Corry Avenue
Jarid,Hellikes,85615391200,AB,RH-,483,23/1/2019,5 High Crossing Point
Stacie,Elvins,98575310507,B,RH-,579,22/2/2019,012 Sheridan Point
Aloysia,Gray,56888311662,AB,RH-,678,26/9/2018,26486 Hauk Crossing
Marlyn,Wickrath,77534977480,AB,RH-,523,10/12/2018,0580 Little Fleur Alley
Monica,McKinnon,75558551578,0,RH+,870,18/4/2019,702 Rusk Plaza
Gloria,McLaughlin,20003585743,AB,RH+,725,5/2/2018,4 Moose Avenue
Rurik,Jansens,38291030851,B,RH-,274,6/7/2018,18 Heffernan Plaza
Iggy,Tanswill,26349565992,B,RH+,977,1/1/2019,16835 Ridgeway Court
Bernie,Wishart,76969703369,B,RH-,303,9/2/2019,7011 Stuart Point
Kali,Wormell,78343241347,AB,RH-,534,26/1/2019,17 Sycamore Point
Hector,Goldston,93866359920,B,RH+,1000,21/5/2018,2 Hayes Point
Ardeen,Tansill,36430623631,AB,RH-,685,29/7/2018,44 Welch Lane
Selma,Adriano,47250964175,B,RH-,307,24/1/2018,49 Di Loreto Terrace
Kippie,Petrello,41819483250,AB,RH-,362,31/8/2018,7338 3rd Way
Ami,Vaar,39847972486,AB,RH-,975,7/3/2018,91556 Anhalt Parkway
Shawn,Defond,38986111450,AB,RH+,585,12/6/2018,91450 Trailsway Plaza
Blanche,Randerson,24304438080,AB,RH+,406,9/2/2018,35 Nelson Junction
Guglielma,Van Oort,84865473052,AB,RH-,689,6/11/2018,9451 Cambridge Street
Dorian,Marsy,47174336930,B,RH+,215,15/9/2018,96 1st Park
Melesa,Asson,31017810024,B,RH+,290,7/11/2018,22 Di Loreto Center
Normy,Pucker,05857664833,AB,RH-,575,5/10/2018,5795 Jackson Place
Bartolemo,Watkiss,78938585351,AB,RH+,265,5/4/2019,54 Village Alley
Jeffrey,Gunn,61535967424,A,RH+,780,18/4/2019,2391 Blue Bill Park Hill
Odie,Heigho,01585858454,AB,RH-,846,29/3/2018,2 Dexter Pass
Aubree,Boake,44368945743,AB,RH-,699,12/5/2018,18 Armistice Place
Finley,Gorbell,15309705250,B,RH-,901,18/9/2018,29 Scoville Road
Joyan,Oven,08057441043,A,RH-,677,20/9/2018,6 Havey Trail
Clara,McGaffey,18700709615,A,RH-,734,28/12/2018,991 Manufacturers Avenue
Christel,Jenson,52835044238,B,RH-,776,22/5/2018,058 Artisan Parkway
Lena,Whitelock,45743819061,B,RH+,222,3/5/2018,960 Menomonie Pass
Eli,Postlethwaite,89340229049,AB,RH+,286,16/1/2019,3 Charing Cross Center
Fredi,Ruffy,01840219839,AB,RH+,552,15/7/2018,83545 Briar Crest Court
Demetri,MacCheyne,24378303695,B,RH+,697,18/10/2018,71 Fieldstone Center
Dionisio,Puddle,57842835196,B,RH-,456,17/1/2019,55584 Rowland Center
Datha,Klimkiewich,28919187297,AB,RH+,267,5/7/2018,2451 Ilene Junction
Marcia,Strettle,56310803301,AB,RH+,269,13/4/2019,0839 Dayton Street
Mitch,Holywell,68450869640,AB,RH-,716,5/5/2018,9 Chinook Junction
Lockwood,Pepperrall,47178961405,AB,RH-,237,8/4/2019,735 Saint Paul Crossing
Wendeline,Hatliff,31624471514,AB,RH-,680,11/11/2018,61 5th Drive
Elmo,Schumacher,33064245230,B,RH+,504,7/7/2018,10338 Hooker Junction
Charis,Fulford,68023883441,0,RH-,282,8/4/2018,883 Daystar Circle
Morry,Leban,83418808655,AB,RH+,407,11/1/2018,858 Holmberg Circle
Dulcea,Hansbury,04772930056,B,RH-,236,19/2/2018,9346 Village Hill
Bride,Sydes,57302432144,AB,RH-,332,15/6/2018,1 Elgar Parkway
Trumaine,Penhearow,58191252910,0,RH+,620,27/2/2018,670 Northview Way
Udale,Pyle,74966993555,B,RH-,657,20/1/2018,69 Kennedy Point
Dulsea,Cookes,62501348787,AB,RH+,222,11/3/2018,9460 Anderson Terrace
Nevin,Pennycook,62584206603,A,RH-,227,1/3/2018,53542 Redwing Circle
Philbert,Shalloo,57901170090,B,RH+,439,5/10/2018,64523 Sundown Drive
Bobinette,Budnk,28545415239,AB,RH+,346,14/1/2018,19898 Sage Lane
Hermine,Struthers,75565633549,AB,RH+,543,14/9/2018,29 Parkside Trail
Marlena,Kirkland,72509615552,0,RH+,807,19/7/2018,85 Dwight Drive
Bruce,Domingues,82827897272,AB,RH+,426,9/11/2018,0 Thierer Drive
Gilles,Harcombe,11740145195,0,RH+,997,25/7/2018,7 Acker Drive
Gerladina,Temlett,07565619815,B,RH+,891,24/2/2019,63 Oakridge Drive
Perkin,Leckie,51326192707,0,RH-,466,17/3/2019,8313 Porter Parkway
Ashla,O'Kinneally,62799068261,AB,RH+,512,10/1/2019,6 Eliot Court
Chryste,O'Duggan,65618807075,B,RH-,695,26/1/2018,3 Sundown Point
Collin,Di Roberto,99603875983,0,RH+,485,2/2/2019,9 Northridge Park
Janey,Windridge,87615755329,AB,RH-,695,25/8/2018,71219 Ramsey Terrace
Bartholemy,Neaves,98079672933,AB,RH+,453,12/7/2018,7 North Lane
Paco,Lappine,90720714929,AB,RH-,526,3/2/2018,36 Ilene Plaza
Uri,Ungerer,11196898206,AB,RH+,379,1/3/2019,1640 Ohio Avenue
Jeanne,Shrimpling,66552078705,AB,RH+,343,16/1/2018,37 Mayer Pass
Junette,Wrench,18358413315,A,RH-,411,11/12/2018,88530 Summit Point
Ruggiero,Ahrendsen,20932105772,AB,RH-,538,10/6/2018,434 Ryan Road
Sammie,Barhems,94745606084,B,RH+,894,20/6/2018,9 Milwaukee Plaza
Cale,Folks,65781566871,0,RH-,889,21/3/2019,20 Texas Drive
Aurel,Wardhaugh,94787498915,A,RH+,590,1/7/2018,9382 Boyd Road
Ernest,Dran,94130193733,B,RH-,994,31/10/2018,79 Anhalt Parkway
Packston,Sprague,46952982659,B,RH+,225,27/5/2018,19 High Crossing Road
Nert,Wilmore,42132863711,0,RH+,263,8/4/2019,2920 Leroy Way
Dory,Millhill,19655828575,A,RH-,978,10/8/2018,64527 Oneill Lane
Jodie,Atkin,37263802714,B,RH+,837,19/10/2018,1204 Warbler Terrace
Lusa,Jerzykiewicz,32863392928,AB,RH+,790,13/4/2018,8 Anhalt Terrace
Nat,Lytton,09575403661,A,RH+,279,11/4/2018,54459 Tony Center
Barnie,Ayton,35903947849,0,RH-,879,7/3/2019,0 Crowley Avenue
Amitie,Laphorn,11552783298,0,RH+,563,30/1/2018,3 Monument Alley
Bruce,Basterfield,78607140344,AB,RH-,315,10/1/2018,65 Holmberg Street
Querida,Pumphrey,50074089852,A,RH+,287,19/2/2019,591 Killdeer Crossing
Allix,Impey,14414357064,B,RH+,528,6/1/2019,916 Sommers Point
Ulrikaumeko,O'Cannon,45949817884,AB,RH+,826,11/12/2018,154 Banding Terrace
Britt,Phippard,65019010413,AB,RH-,377,14/7/2018,2177 Becker Terrace
Maynard,Nisby,31344142402,0,RH-,941,22/5/2018,6 Summit Alley
Teri,Westmarland,76127898787,AB,RH+,814,5/12/2018,25 Bartillon Trail
Leena,Nisuis,70209148770,0,RH-,424,25/1/2018,72 Carey Terrace
Bunnie,Moggach,43490940534,AB,RH-,632,17/11/2018,8 Green Park
Peggy,Greenhill,21894662630,AB,RH+,519,28/7/2018,2761 Blue Bill Park Crossing
Mollie,Watman,23821607518,B,RH-,959,29/10/2018,8 Boyd Hill
Jena,Doonican,82103443319,AB,RH-,518,16/4/2018,2 Prairie Rose Drive
Calley,MacCurley,56187672870,0,RH-,530,7/1/2018,9886 Carpenter Parkway
Colly,Hatliff,97648875629,0,RH-,372,8/4/2018,932 Reinke Place
Wilhelm,Orman,94142869583,0,RH-,702,7/11/2018,936 Badeau Plaza
Kelsi,Housecroft,34168280410,A,RH+,505,1/6/2018,816 Mockingbird Court
Merilyn,Argontt,35483562060,A,RH-,200,21/9/2018,53048 Debra Terrace
Vinni,Hubatsch,05492958498,A,RH+,370,26/2/2019,41 Bartillon Crossing
Tomlin,Frodsham,53123109306,B,RH-,345,8/10/2018,282 Northland Place
Camella,Jordanson,37873358179,B,RH-,230,14/5/2018,62 Norway Maple Hill
Kelley,Fairburne,21240716188,AB,RH+,527,13/9/2018,8 Twin Pines Street
Clayson,Archibold,58045230057,0,RH-,784,12/7/2018,37 Meadow Valley Street
Raynard,Arnholz,30584814017,AB,RH+,220,24/2/2018,1656 Dayton Place
Kaitlin,Minget,97838716035,AB,RH-,839,27/7/2018,8785 Oxford Street
Gates,Simmers,46116070158,AB,RH+,251,27/2/2019,58884 Little Fleur Junction
Raviv,Honisch,59253936708,AB,RH+,981,13/10/2018,46 Harper Avenue
Tracee,Bellenger,61582611794,0,RH+,490,1/9/2018,0 Little Fleur Drive
Bearnard,Wornham,91043353811,AB,RH-,235,9/6/2018,10 Valley Edge Junction
Corene,Cavolini,93031705834,AB,RH-,830,30/8/2018,6 Gulseth Lane
Raddy,Faulkner,97118799787,A,RH+,217,6/5/2018,729 Clove Way
Herta,Aujouanet,75172388911,AB,RH-,478,22/6/2018,0333 Mcbride Park
Ruben,Betke,62771386592,B,RH+,534,18/2/2019,4382 Veith Pass
Giorgia,Alflatt,80007201380,AB,RH-,666,5/4/2019,226 Dorton Plaza
Cameron,Blues,66578277757,AB,RH-,381,9/4/2019,63157 Sutteridge Avenue
Archy,Doud,72287502099,0,RH-,254,28/3/2018,67636 Chinook Parkway
Gilligan,Perigeaux,89490207764,B,RH-,632,4/2/2018,51 Truax Park
Jobi,Doyle,49129658178,AB,RH-,695,20/3/2018,86 Hoffman Court
Alyse,Nisard,34166370752,AB,RH+,291,1/11/2018,03 Rusk Street
Aleen,Tomkins,54034356244,AB,RH+,253,7/1/2019,93 Dennis Place
Roger,Dolan,17657541720,AB,RH-,571,10/9/2018,891 Ohio Place
Herman,Davidowsky,86429441497,AB,RH+,534,31/10/2018,068 Dixon Trail
Noel,Sciusscietto,38891812473,AB,RH+,220,10/1/2019,81 Northview Crossing
Peggie,Bernot,60383778347,AB,RH+,599,8/1/2018,65979 Badeau Pass
Franciska,Darch,91025455892,AB,RH+,527,26/1/2018,81044 Truax Plaza
Sher,Gatecliff,75824835225,B,RH+,569,23/6/2018,9 Northridge Point
Craggy,Castelletti,56514507633,AB,RH-,726,20/9/2018,57728 Northport Plaza
Early,Dollimore,31160806442,B,RH-,851,12/6/2018,336 South Trail
Tris,Bercher,14219256514,AB,RH+,800,3/12/2018,84833 Hooker Lane
Anthony,Fendlow,13925413887,AB,RH+,361,5/10/2018,37 Gerald Lane
Hermy,Blundel,60890860469,AB,RH-,298,1/5/2018,90096 Fieldstone Trail
Malva,Grigor,05329670925,AB,RH-,395,11/7/2018,11 Boyd Pass
Ingemar,Dilkes,27932455483,AB,RH+,758,13/5/2018,229 Chinook Lane
Cristiano,Garretson,48576328503,AB,RH-,921,7/12/2018,2 Melody Park
Jemima,Scholl,56956319422,B,RH+,615,12/3/2018,23553 Redwing Crossing
Giffer,Bourke,03126715703,AB,RH-,813,15/8/2018,4755 Autumn Leaf Point
Griff,Aime,09967916440,AB,RH+,847,25/4/2018,1 Cardinal Hill
Tori,Yuryatin,52782387515,AB,RH+,252,22/2/2019,97047 Sunnyside Parkway
Mart,Keys,44736537627,A,RH-,851,10/1/2019,2553 Memorial Center
Pammy,Shallow,18256822599,AB,RH-,521,4/9/2018,548 Cascade Park
Tally,Mulbry,59865250736,A,RH+,891,7/12/2018,320 Grim Parkway
Rena,Colleymore,51708986158,B,RH+,790,26/2/2018,3 Bellgrove Avenue
Karoly,Sigmund,09302192443,AB,RH-,793,27/8/2018,9 Vernon Road
Maura,Keyse,91606814121,0,RH+,844,7/11/2018,0 Merchant Avenue
Cindelyn,Woolmore,87685403318,B,RH-,451,20/9/2018,19944 Barby Avenue
Jobyna,Playdon,80220419541,A,RH+,865,23/2/2018,0 Shopko Junction
Bunny,Wolfenden,99117371264,B,RH+,961,28/2/2019,2 Charing Cross Crossing
Hinze,Gianettini,93041926674,AB,RH-,699,27/1/2019,51 School Trail
Libbey,Sauven,70596852890,AB,RH+,202,18/11/2018,9169 Blue Bill Park Drive
Willi,Satch,53948205100,AB,RH+,362,18/8/2018,73 Dottie Park
Ashli,Frye,52913426367,AB,RH-,873,21/10/2018,7 Hagan Pass
Shandeigh,Dranfield,60087754499,A,RH+,690,17/2/2018,29 Vernon Junction
Madelyn,Jindracek,81297352423,0,RH+,813,17/12/2018,9886 Twin Pines Parkway
Giorgio,Hanssmann,87283729031,A,RH-,357,8/11/2018,4958 Garrison Parkway
Sean,Hartshorn,12574498595,AB,RH-,417,21/8/2018,90848 Division Alley
Rudd,Frugier,14691688079,A,RH+,484,15/6/2018,35 Dryden Point
Kelci,Pepis,22974535254,B,RH-,581,12/8/2018,83 Old Shore Street
Selie,Matula,23310433439,0,RH-,474,17/12/2018,67374 Melrose Lane
Alex,Barthorpe,95230439564,B,RH-,314,6/12/2018,76 Springview Avenue
Jasmina,Hayne,31117366047,AB,RH-,919,18/6/2018,22 Morning Street
Cristy,MacAloren,22486940498,B,RH-,747,17/4/2018,620 Vahlen Alley
Ruby,Louis,06244707706,AB,RH-,781,27/10/2018,69 Barby Center
Vanya,Peyntue,72781253568,B,RH+,537,4/10/2018,3 Schiller Terrace
Tobin,Purshouse,24110850603,AB,RH-,836,14/1/2018,854 Clyde Gallagher Trail
Clarine,Waddington,48254211690,AB,RH+,674,4/3/2018,87 Hollow Ridge Crossing
Sapphira,Harnetty,26984756634,AB,RH-,713,28/8/2018,64493 Vidon Center
Demeter,Ottiwill,53771956213,AB,RH-,297,22/1/2019,55386 Ridge Oak Alley
Tedd,Baudoux,93438861907,AB,RH-,739,28/8/2018,6182 Walton Avenue
Benedikt,Browse,13036434835,A,RH+,383,14/10/2018,67 Norway Maple Alley
Frederique,Tremoille,50823804382,AB,RH-,511,17/12/2018,60341 Southridge Center
Morgana,Potell,48694023341,AB,RH+,712,21/11/2018,18 Kim Hill
Frayda,Gemlett,42023131234,0,RH-,659,8/5/2018,11526 Daystar Way
Hamil,Iwanicki,91090898551,AB,RH-,973,11/8/2018,7 Meadow Valley Plaza
Morgun,Gutherson,87985058040,AB,RH-,517,26/10/2018,83803 Shasta Parkway
Susanne,Sharpless,11377250851,B,RH+,874,9/3/2018,03873 Petterle Alley
Raine,Steljes,19609974805,AB,RH-,876,27/1/2018,57103 Crownhardt Court
Matelda,Covell,28522291244,0,RH-,285,12/11/2018,60387 Scott Terrace
Worthington,Billows,03137638410,B,RH+,644,12/4/2019,39 Bultman Place
Neall,Pincked,03905703308,0,RH-,392,17/9/2018,18868 Blackbird Center
Bertrando,Winship,22859204194,AB,RH-,909,12/1/2018,79 Grasskamp Avenue
Lyman,Thunnerclef,62880461534,AB,RH+,381,7/1/2019,389 Meadow Vale Way
Roz,Crossfield,96555672059,AB,RH+,450,30/12/2018,71 Bowman Avenue
Cash,Blasing,77586203532,AB,RH-,766,18/8/2018,4321 Cardinal Circle
Stacy,Maasze,99369625737,B,RH-,541,7/11/2018,489 Graceland Hill
Gilbert,Vondrak,28911732483,AB,RH+,867,8/1/2019,0 Maple Wood Crossing
Shawna,Carr,56634802750,0,RH+,622,27/12/2018,179 Butterfield Alley
Sterne,Scraney,73925577678,AB,RH+,929,17/1/2018,847 Evergreen Park
Delores,Lippett,27016100840,AB,RH+,945,25/4/2018,828 Duke Avenue
Siana,Rudolfer,09166260656,A,RH-,717,16/5/2018,0 Hauk Pass
Everett,Goodredge,29385154646,B,RH-,281,10/4/2019,28 Manufacturers Lane
Wright,Barrus,68753640433,AB,RH-,912,24/8/2018,25 3rd Parkway
Belvia,Paolino,78763548380,A,RH-,317,3/1/2018,6991 Canary Court
Jodie,Allridge,43835038627,0,RH-,391,31/10/2018,406 Hollow Ridge Trail
Eugenie,McCaig,80987334342,AB,RH-,901,18/2/2018,1877 Namekagon Crossing
Mikol,de Broke,70638565365,AB,RH-,840,1/12/2018,6795 Glacier Hill Circle
Red,Corre,89172269334,AB,RH+,408,13/2/2019,835 Havey Court
Noel,Kildale,76223107491,AB,RH-,651,14/1/2019,484 Lunder Street
Steffen,Harvie,86789587053,AB,RH+,358,19/9/2018,65 Talmadge Plaza
Zechariah,Ogborn,91582119266,AB,RH+,917,27/9/2018,100 Leroy Center
Austina,Kasher,94156307080,0,RH-,677,15/3/2018,35638 Karstens Place
Rayna,Lea,63835888515,AB,RH-,527,1/9/2018,87 Tennessee Pass
Gilda,Wolseley,34088472030,B,RH+,896,25/9/2018,84859 International Drive
Margalit,Burkhill,67451555419,0,RH+,708,11/8/2018,23633 Ramsey Road
Lindsey,Dray,55749207693,AB,RH-,588,29/7/2018,59 Anthes Junction
Nariko,Meyrick,86541542631,B,RH+,856,20/4/2019,2 Main Way
Allin,Perot,25815393409,B,RH+,965,2/1/2019,67 Victoria Pass
Gianna,Gurdon,53860319531,AB,RH+,861,18/1/2018,83 American Lane
Pierrette,Center,56262055895,0,RH+,534,22/4/2018,48588 Logan Park
Kerwin,Odam,21035567386,AB,RH+,950,14/9/2018,76 Hintze Trail
Ashby,Andresser,13809979668,AB,RH+,274,23/3/2019,732 Westport Street
Laura,Marte,75253414949,AB,RH-,629,26/1/2018,73 Old Shore Place
Nikki,Nozzolii,46092418655,B,RH+,606,14/7/2018,96967 Menomonie Pass
Sonya,Brockley,79821327443,AB,RH-,575,29/9/2018,4881 Holy Cross Drive
Anneliese,Geertsen,50535680345,AB,RH+,562,15/4/2019,58875 Division Junction
Ermina,Shevelin,70622972896,AB,RH+,617,30/11/2018,0252 Scoville Avenue
Zorina,Armatys,17346085456,AB,RH+,676,6/11/2018,93 Pepper Wood Plaza
Scarlet,Edmead,86874674214,A,RH+,899,3/2/2019,0052 Prairieview Hill
Giulio,Beccera,40180520435,AB,RH-,902,10/10/2018,49 Maple Terrace
Cindee,Body,59687367965,AB,RH+,469,2/5/2018,64964 Harper Drive
Hewitt,Kristof,95263641999,B,RH-,545,1/4/2018,20165 Mariners Cove Crossing
Jandy,Castille,06151914330,B,RH-,931,2/9/2018,376 7th Avenue
Blanch,Chester,84816764572,B,RH+,861,10/3/2018,71 Gale Lane
Dalis,Shinefield,43470647420,B,RH-,494,22/3/2019,864 Melrose Way
Pandora,Haggarty,14976347807,B,RH-,483,20/12/2018,3 Jenifer Court
Sargent,Lochead,00183981291,B,RH-,830,4/1/2019,54 Gerald Hill
Godfree,Cicero,65253939243,AB,RH+,525,16/3/2018,5 John Wall Way
Jeremie,Manville,54102353107,B,RH-,594,24/3/2018,66 Derek Trail
Hyacinthia,Garrow,06704061791,B,RH-,743,31/3/2018,6829 La Follette Place
Lambert,Ferrero,23184747265,A,RH-,507,21/1/2019,7 Division Junction
Ruthanne,Skoate,68793369392,AB,RH+,848,6/1/2018,308 Hooker Parkway
Fabian,Pipworth,79787147941,B,RH+,225,26/2/2018,90830 Old Gate Plaza
Manya,Bank,23953836340,A,RH-,729,28/7/2018,67382 Cascade Plaza
Damiano,Dukes,56382998785,B,RH+,312,24/8/2018,5 Lyons Court
Amos,Kelemen,27393225430,B,RH+,421,5/7/2018,065 Little Fleur Alley
Torrence,Bowell,59455602313,AB,RH+,915,12/4/2019,9798 Golf Avenue
Vaughn,Bandiera,77454733598,AB,RH+,981,3/2/2019,0 Chinook Drive
Townie,MacKenzie,65214021060,AB,RH-,821,17/10/2018,606 Helena Circle
Lind,Kingswoode,45153893381,B,RH-,485,2/12/2018,5 Norway Maple Street
Agace,Sollam,23878581008,AB,RH+,308,28/11/2018,31555 Melby Trail
Federica,Reams,06388856282,0,RH+,806,3/1/2018,68479 Hansons Court
Marchall,Falshaw,94940197801,AB,RH+,733,5/3/2018,40438 Bashford Parkway
Tiphanie,Liverseege,06667533468,AB,RH+,804,15/1/2019,76 Heath Road
Alaster,Stratford,68702995454,AB,RH+,261,26/2/2019,09933 Goodland Point
Thatcher,Hinzer,64606279043,0,RH-,297,1/4/2018,164 Spaight Alley
Morly,Pryke,61005814905,AB,RH-,418,23/12/2018,7 Springs Junction
Eamon,Renhard,01249976618,AB,RH-,746,29/1/2019,36059 Manufacturers Street
Lauritz,Gavrielly,39802269419,AB,RH+,460,21/3/2019,3 Twin Pines Center
Antony,Leppo,44826082019,B,RH-,895,1/2/2018,5 Northridge Alley
Culver,Scoles,47352358948,B,RH-,767,19/2/2019,1173 Bluejay Street
Dita,Blas,69133160705,B,RH+,718,4/12/2018,51750 Gina Drive
Sigfried,de Leon,20622065728,0,RH+,462,21/11/2018,96965 Badeau Alley
Thurston,Kendred,56371760053,AB,RH-,897,30/8/2018,95 Laurel Plaza
Wayland,Thornewell,54908192439,AB,RH+,918,1/4/2018,6377 Summit Lane
Torre,Gerhardt,50033638992,AB,RH+,528,22/11/2018,731 Steensland Road
Morgun,Burnyate,24781203779,B,RH+,540,3/4/2018,50647 Scoville Point
Cassi,Barker,05295206968,AB,RH-,786,12/4/2019,338 Grasskamp Court
Darryl,Harrison,59177634381,0,RH-,729,12/4/2018,292 Anzinger Point
Clark,Shakesby,44340490263,AB,RH+,262,15/11/2018,79 Graceland Street
Kevan,Binder,67808389271,AB,RH+,997,28/5/2018,93030 Sutteridge Point
Port,Spearett,02070157792,B,RH+,647,26/1/2019,17032 Judy Center
Trever,Tather,66454499067,B,RH+,736,6/5/2018,982 Crescent Oaks Avenue
Jere,Metherell,86746944169,0,RH+,488,28/3/2019,2976 Londonderry Drive
Weider,Sausman,33079871027,AB,RH+,331,7/4/2018,012 Hanover Circle
Ozzy,Habert,08863979089,AB,RH-,693,9/11/2018,32709 Bay Park
Irvine,Izat,00441195703,A,RH+,288,16/1/2018,43875 Eggendart Center
Jackie,Gibling,47846541442,AB,RH-,564,14/2/2019,021 Burrows Park
Jolee,Doleman,45989941720,0,RH-,834,11/3/2018,08 Debs Plaza
Nataniel,Rushmer,10041200460,B,RH+,859,5/5/2018,6478 Vidon Circle
Trefor,McNeillie,42125654945,AB,RH-,867,10/2/2019,3085 Russell Drive
Angelita,Itzkovwich,79338339034,AB,RH+,619,10/11/2018,6704 Bowman Center
Ertha,Hercock,27950464464,AB,RH+,422,17/11/2018,4 Starling Pass
Kitti,Eustes,65653255890,B,RH-,700,30/6/2018,5527 Duke Crossing
Lindsey,Mathan,89356851129,0,RH-,957,10/7/2018,2977 Washington Street
Clyve,Shinton,01120794455,AB,RH-,913,5/3/2019,8087 Ridge Oak Court
Garfield,Guyon,57448025525,B,RH-,736,1/11/2018,9 Delaware Road
Melodee,Frosdick,15724097308,B,RH-,411,23/10/2018,71 Schurz Alley
Kingston,Werrilow,44588095447,AB,RH+,948,7/1/2019,294 Fulton Parkway
Rollin,Normand,94125266827,AB,RH-,336,8/10/2018,5192 Waywood Crossing
Ephrayim,MacTeggart,78330807975,B,RH+,568,4/4/2019,07128 Dorton Parkway
Tasha,Foli,86371616083,AB,RH-,334,11/5/2018,0996 Kipling Plaza
Ernesta,Timewell,91643393151,0,RH-,686,1/1/2018,82 Wayridge Plaza
Patty,Binding,45034362155,AB,RH-,598,2/3/2018,217 Vera Avenue
Roseann,Cuschieri,59591159105,AB,RH+,496,11/10/2018,50509 Golf View Pass
Corny,Bart,20662843603,AB,RH-,862,13/12/2018,64791 Thierer Way
Joly,Flowers,97511569197,AB,RH+,725,16/5/2018,18953 Norway Maple Trail
Scot,Stanman,30861468993,AB,RH-,803,28/12/2018,7 Esker Parkway
Thom,Davydenko,47597361297,AB,RH-,521,19/7/2018,29782 Acker Street
Sidney,Matas,86828403285,A,RH+,960,20/2/2019,10 Southridge Pass
Kendell,Stirrup,74686553272,AB,RH+,655,8/1/2018,76001 Bellgrove Plaza
Rhianna,Ziehm,21823428045,AB,RH+,857,29/11/2018,09 Pepper Wood Hill
Rosemaria,Wey,01676933890,B,RH-,494,13/6/2018,2603 Dottie Road
Emelina,Penrice,21970383173,AB,RH-,981,25/6/2018,4 Jackson Parkway
Nariko,Flucker,52214064354,A,RH-,719,10/3/2018,43 Village Green Terrace
Melloney,Corington,45592244142,AB,RH+,362,16/5/2018,64 Clove Way
Graig,Itzakson,52086373871,B,RH+,954,21/5/2018,0180 Waubesa Park
Elvin,McCullouch,68151594372,AB,RH-,657,12/10/2018,74045 Longview Plaza
Annabelle,Arnet,94848162669,B,RH+,688,16/11/2018,37329 Muir Trail
Marve,McGucken,42777040904,A,RH+,798,3/11/2018,7558 Carey Street
Dinnie,Mobius,94206657219,A,RH+,953,8/6/2018,31 Manitowish Lane
Sharleen,McCanny,62931149379,AB,RH-,637,8/5/2018,4566 Kropf Drive
Harp,Pottell,50828457856,B,RH-,558,15/6/2018,1088 Elgar Way
Thorn,Radmer,98789797512,AB,RH+,961,30/1/2018,6 American Ash Pass
Dunstan,Guido,33668400233,AB,RH+,540,24/1/2018,80817 Clemons Trail
Rowena,Dole,27863848788,B,RH-,374,21/4/2018,26420 Loeprich Place
Dolorita,Pavlovic,38904697735,AB,RH+,630,27/2/2018,9 Johnson Circle
Marlin,Dopson,54288823375,AB,RH+,978,24/12/2018,4059 Hanover Junction
Edwina,Matthiesen,34774435955,AB,RH+,244,25/7/2018,1783 Northland Trail
Edik,Cheley,97751753943,0,RH-,707,14/1/2019,19104 School Avenue
Marta,Leverentz,72535678224,AB,RH-,851,2/1/2019,6 Novick Pass
Kizzie,Gosnoll,71807706978,B,RH-,889,30/7/2018,5 Fallview Place
Pennie,Chamberlayne,54065664290,AB,RH-,725,2/7/2018,67460 Moose Place
Sheilakathryn,Beernt,97857363467,AB,RH-,426,15/1/2019,54246 Towne Pass
Clo,Hasselby,06109825441,0,RH+,916,16/3/2019,7788 Shelley Crossing
