Freddi,Kharchinski,74989826561,A,RH+,1337,"error: invalid date ""24/12/2017""",248 Pawling Court
Roma,Batts,84857909406,0,RH-,1304,"error: invalid date ""24/12/2017""",93 Cody Crossing
Kevina,Yglesia,34488423093,B,RH+,1208,"error: invalid date ""24/12/2017""",6328 Fisk Plaza
Ruthann,Crossman,73757410305,AB,RH-,1506,"error: invalid date ""24/12/2017""",50002 Clarendon Avenue
Yolanthe,Currom,21097825165,B,RH+,1955,"error: invalid date ""24/12/2017""",39205 Almo Circle
Mag,Burnyate,95268630236,AB,RH-,1362,"error: invalid date ""24/12/2017""",789 Delaware Circle
Brittani,Sedgeworth,32379827584,B,RH-,1920,"error: invalid date ""24/12/2017""",56143 Leroy Circle
Drusilla,Moynihan,40276048499,AB,RH+,1341,"error: invalid date ""24/12/2017""",0 Lerdahl Street
Myrwyn,Cleevely,38026897071,A,RH-,1632,"error: invalid date ""24/12/2017""",1 Springview Lane
Sampson,Showen,15624471649,B,RH+,1973,"error: invalid date ""24/12/2017""",8 Butternut Lane
Terrijo,Birt,14255788136,AB,RH+,1396,"error: invalid date ""24/12/2017""",3338 Nelson Circle
Nikolaos,Buckie,50691838041,AB,RH-,1675,"error: invalid date ""24/12/2017""",2 Elka Point
Byrom,Renzini,03206908904,B,RH-,1798,"error: invalid date ""24/12/2017""",5 Dwight Pass
Carrissa,Bathersby,52835990252,B,RH-,1276,"error: invalid date ""24/12/2017""",209 Sutherland Court
Gaelan,Vamplus,40675866732,A,RH+,1948,"error: invalid date ""24/12/2017""",1 Charing Cross Avenue
Darcy,Mateev,89763674119,AB,RH-,1391,"error: invalid date ""24/12/2017""",86610 Crescent Oaks Circle
Frederique,Eldrett,04204702265,0,RH-,1498,"error: invalid date ""24/12/2017""",097 Dunning Place
Fulton,Wenman,62465487139,0,RH+,1908,"error: invalid date ""24/12/2017""",32150 Mifflin Court
Twila,Dabes,01542239159,AB,RH+,1557,"error: invalid date ""24/12/2017""",7564 Harbort Road
Blinnie,Dunbleton,74753118913,0,RH-,1917,"error: invalid date ""24/12/2017""",3056 Oak Terrace
Harmonia,Altham,99606516508,AB,RH+,1511,"error: invalid date ""24/12/2017""",9 Westerfield Road
Sigismondo,Thackray,22728349111,AB,RH-,1200,"error: invalid date ""24/12/2017""",7 New Castle Place
Caz,Gallehawk,37240091020,AB,RH-,1297,"error: invalid date ""24/12/2017""",7464 Butternut Parkway
Dionysus,Sowrah,40764634844,AB,RH-,1628,"error: invalid date ""24/12/2017""",2694 Jana Trail
Ingmar,Roskam,75921290832,AB,RH+,1573,"error: invalid date ""24/12/2017""",9 Village Green Street
Tadeas,Daymont,58881704545,B,RH-,1551,"error: invalid date ""24/12/2017""",4 Mariners Cove Junction
Darsie,Fellis,41753797806,0,RH+,1417,"error: invalid date ""24/12/2017""",687 Corry Parkway
Bondon,Petroff,97700065309,0,RH+,1466,"error: invalid date ""24/12/2017""",180 Derek Avenue
Kayne,Leake,00286626653,AB,RH+,1757,"error: invalid date ""24/12/2017""",39 La Follette Hill
Marielle,Gantz,93573633083,0,RH+,1561,"error: invalid date ""24/12/2017""",7179 Daystar Drive
Chet,Townshend,34370203677,AB,RH-,1743,"error: invalid date ""24/12/2017""",2914 Pine View Court
Lanni,McSkeagan,03221987374,A,RH-,1452,"error: invalid date ""24/12/2017""",5147 Bunting Road
Woodrow,McClune,10180016358,AB,RH+,1844,"error: invalid date ""24/12/2017""",0 Carey Drive
Angeline,Barcroft,00351262163,AB,RH+,1984,"error: invalid date ""24/12/2017""",2 Maryland Park
Mahalia,Franzolini,78383115824,B,RH+,1944,"error: invalid date ""24/12/2017""",737 Golden Leaf Parkway
Francklin,Hellcat,65985433656,AB,RH+,1869,"error: invalid date ""24/12/2017""",73 Jana Street
Olin,Ickowicz,70468019193,B,RH-,1394,"error: invalid date ""24/12/2017""",2215 Donald Drive
Mirabelle,Persehouse,69592576875,AB,RH+,1949,"error: invalid date ""24/12/2017""",87143 Blue Bill Park Center
Aurie,Staniforth,13985890130,AB,RH+,1515,"error: invalid date ""24/12/2017""",18 Burning Wood Plaza
Roth,Ruddiforth,11703585135,AB,RH-,1693,"error: invalid date ""24/12/2017""",71748 Sunfield Crossing
Caspar,Skurray,37528220072,AB,RH+,1472,"error: invalid date ""24/12/2017""",067 Melrose Circle
Garrek,Gosz,02039944573,AB,RH+,1613,"error: invalid date ""24/12/2017""",06449 Bayside Terrace
Fidelity,Caghy,11330118393,A,RH+,1119,"error: invalid date ""24/12/2017""",53 Doe Crossing Lane
Kathryne,Grigoli,18388005582,0,RH+,1857,"error: invalid date ""24/12/2017""",53 Springs Road
Madeline,Bedlington,42904637563,A,RH-,1565,"error: invalid date ""24/12/2017""",574 Bashford Trail
Angie,Van der Brugge,44040625167,AB,RH+,1774,"error: invalid date ""24/12/2017""",83 Green Ridge Court
Myrwyn,Nuccitelli,50580462557,AB,RH-,1108,"error: invalid date ""24/12/2017""",76140 Hermina Center
Dorolice,Ballay,27319754015,0,RH+,1311,"error: invalid date ""24/12/2017""",65999 Utah Plaza
Vin,Beaglehole,26298564948,A,RH-,1170,"error: invalid date ""24/12/2017""",2 Meadow Valley Circle
Peg,Gownge,03708772972,A,RH+,1678,"error: invalid date ""24/12/2017""",883 Del Mar Plaza
Micheil,Lalor,00516348020,AB,RH-,1782,"error: invalid date ""24/12/2017""",5 Southridge Circle
Guillaume,Lambswood,60796126519,B,RH-,1334,"error: invalid date ""24/12/2017""",6 Bluejay Center
Clayborn,Krojn,74135136831,AB,RH-,1198,"error: invalid date ""24/12/2017""",233 Canary Point
Patin,Chrystie,43040893194,B,RH+,1646,"error: invalid date ""24/12/2017""",70 Shopko Parkway
Allix,Warlow,86847036161,AB,RH-,1769,"error: invalid date ""24/12/2017""",3023 Merchant Alley
Christiana,Udie,00724759612,B,RH-,1887,"error: invalid date ""24/12/2017""",66 Reinke Center
Rosabelle,Danielou,04728696794,A,RH-,1726,"error: invalid date ""24/12/2017""",1378 Barby Parkway
Rab,Gilliatt,44191602448,AB,RH-,1241,"error: invalid date ""24/12/2017""",5 Laurel Pass
Rorke,Donoher,56729644018,AB,RH-,1500,"error: invalid date ""24/12/2017""",137 Cherokee Crossing
Nevile,O'Caherny,61928529981,AB,RH+,1899,"error: invalid date ""24/12/2017""",648 Porter Avenue
Raychel,Alenshev,08558380123,AB,RH-,1399,"error: invalid date ""24/12/2017""",07 Marcy Court
Nadya,Di Filippo,57373299212,AB,RH-,1060,"error: invalid date ""24/12/2017""",66 Loomis Trail
Alden,Werrit,50099001123,AB,RH-,1669,"error: invalid date ""24/12/2017""",930 Northfield Parkway
Wheeler,Yallop,46430754778,A,RH+,1091,"error: invalid date ""24/12/2017""",5755 Village Green Way
Gert,Fasham,50315547875,AB,RH+,1665,"error: invalid date ""24/12/2017""",231 Fremont Hill
Davida,Branche,27874137371,AB,RH+,1140,"error: invalid date ""24/12/2017""",462 Merrick Drive
Marieann,Mackness,76107891098,AB,RH+,1049,"error: invalid date ""24/12/2017""",3 Mccormick Lane
Lauraine,Albin,23312407381,AB,RH+,1838,"error: invalid date ""24/12/2017""",89668 Glendale Alley
Marti,Balle,57956138668,A,RH+,1891,"error: invalid date ""24/12/2017""",8730 Crescent Oaks Lane
Anatollo,Doncaster,41139086158,AB,RH-,1924,"error: invalid date ""24/12/2017""",67 Porter Lane
Jolee,Sitford,38247948290,AB,RH+,1187,"error: invalid date ""24/12/2017""",51 Moose Park
Sunny,Allatt,72752845207,AB,RH-,1221,"error: invalid date ""24/12/2017""",2762 Cottonwood Street
Francine,Cleft,84575359838,B,RH+,1616,"error: invalid date ""24/12/2017""",99 Granby Trail
Cary,Orring,77771203342,AB,RH-,1422,"error: invalid date ""24/12/2017""",3543 Corscot Plaza
Terza,Chittenden,55691513086,AB,RH+,1714,"error: invalid date ""24/12/2017""",088 Oak Street
Cale,Janman,66025874108,AB,RH-,1474,"error: invalid date ""24/12/2017""",09 Farragut Center
Conrade,Schoffel,34877525563,AB,RH+,1523,"error: invalid date ""24/12/2017""",71 Loftsgordon Circle
Cariotta,Pock,83001624696,0,RH+,1661,"error: invalid date ""24/12/2017""",66 Summit Hill
Alexina,Durnford,29448640937,AB,RH+,1131,"error: invalid date ""24/12/2017""",08 Jay Hill
Chelsey,Mullaly,35462829188,AB,RH-,1350,"error: invalid date ""24/12/2017""",7203 Delaware Hill
Trixi,Kwiek,49853601505,B,RH-,1235,"error: invalid date ""24/12/2017""",6 Southridge Terrace
Rowney,Dome,23879503382,A,RH+,1412,"error: invalid date ""24/12/2017""",94942 2nd Plaza
Tonye,Ranald,84866440351,B,RH+,1786,"error: invalid date ""24/12/2017""",8 Manitowish Park
Jillana,Cammock,15964114777,AB,RH-,1417,"error: invalid date ""24/12/2017""",0348 Boyd Circle
Armin,MacDearmaid,76636723925,0,RH-,1905,"error: invalid date ""24/12/2017""",965 Becker Drive
Ediva,Bridges,87997090839,AB,RH-,1552,"error: invalid date ""24/12/2017""",2974 Ilene Court
Livvy,Rannells,46818921998,AB,RH-,1027,"error: invalid date ""24/12/2017""",76 Lillian Plaza
Vernor,Sutehall,67896595489,AB,RH-,1194,"error: invalid date ""24/12/2017""",7085 Mccormick Crossing
Eadmund,Aylett,08699706474,AB,RH+,1576,"error: invalid date ""24/12/2017""",320 Mariners Cove Way
Yoshiko,Purle,17698145226,B,RH+,1883,"error: invalid date ""24/12/2017""",7404 Kinsman Avenue
Arlana,Acory,34701197661,B,RH-,1178,"error: invalid date ""24/12/2017""",68193 Reindahl Place
Emmeline,Vaneev,38589531017,AB,RH+,1395,"error: invalid date ""24/12/2017""",19 Scofield Park
Elnora,Chastel,04847977702,AB,RH-,1541,"error: invalid date ""24/12/2017""",88559 Clemons Place
Mord,Patron,33802286066,AB,RH-,1516,"error: invalid date ""24/12/2017""",9 Almo Avenue
Jennifer,Rodmell,02017108983,AB,RH-,1217,"error: invalid date ""24/12/2017""",48174 Talmadge Pass
Hendrika,Hallihane,58063097513,AB,RH-,1669,"error: invalid date ""24/12/2017""",9 Drewry Crossing
Yorker,Stener,72947937848,0,RH+,1273,"error: invalid date ""24/12/2017""",20 Algoma Center
Cindee,Messham,42592250764,B,RH+,1951,"error: invalid date ""24/12/2017""",0 Darwin Street
Hamel,Kestell,85320765432,AB,RH+,1436,"error: invalid date ""24/12/2017""",3344 4th Terrace
Merell,Paxforde,61775182166,A,RH+,1672,"error: invalid date ""24/12/2017""",253 Summerview Hill
Haleigh,Baselio,42545602009,AB,RH-,1726,"error: invalid date ""24/12/2017""",66865 Declaration Point
Francene,Farrin,97727708484,B,RH-,1435,"error: invalid date ""24/12/2017""",33546 Stephen Plaza
Abeu,Barthorpe,63477989056,AB,RH-,1411,"error: invalid date ""24/12/2017""",9488 Vermont Lane
Donielle,McCluskey,38759661486,AB,RH-,1299,"error: invalid date ""24/12/2017""",2690 Northwestern Alley
Cathrine,Kaine,05296573585,AB,RH-,1825,"error: invalid date ""24/12/2017""",74204 Westend Trail
Duffy,Cardis,60004023213,AB,RH+,1357,"error: invalid date ""24/12/2017""",1 Sloan Terrace
Adrienne,Meindl,78105947126,0,RH+,1566,"error: invalid date ""24/12/2017""",0367 Hermina Lane
Gavra,Paviour,85798537742,B,RH-,1006,"error: invalid date ""24/12/2017""",48 Bultman Street
Chantalle,Pala,95020976742,AB,RH+,1524,"error: invalid date ""24/12/2017""",609 Fuller Avenue
Algernon,Bullcock,22453569219,AB,RH-,1244,"error: invalid date ""24/12/2017""",92 Kedzie Plaza
Caty,Halfhyde,84705580932,AB,RH+,1624,"error: invalid date ""24/12/2017""",3 Loftsgordon Plaza
Stinky,Dietsche,11089174843,A,RH+,1935,"error: invalid date ""24/12/2017""",293 Anthes Road
Lauren,McCraine,04288492859,AB,RH+,1940,"error: invalid date ""24/12/2017""",534 Del Mar Center
Devan,Myring,19400183071,AB,RH-,1162,"error: invalid date ""24/12/2017""",431 Monica Place
Quinton,Attyeo,68234686885,B,RH-,1361,"error: invalid date ""24/12/2017""",958 Park Meadow Court
Kristofor,Ruppele,16567893379,AB,RH+,1397,"error: invalid date ""24/12/2017""",2645 Florence Street
Vincenz,Ormrod,25478636438,B,RH+,1094,"error: invalid date ""24/12/2017""",874 Dorton Point
Loleta,Stockell,46431262988,AB,RH+,1661,"error: invalid date ""24/12/2017""",8784 Golf Center
Titus,Kolis,45427342061,AB,RH-,1260,"error: invalid date ""24/12/2017""",74810 Hoffman Junction
Rosene,Mangin,31008587334,AB,RH-,1733,"error: invalid date ""24/12/2017""",9 Tennessee Plaza
Chiquita,Sherry,58080847029,AB,RH+,1635,"error: invalid date ""24/12/2017""",8324 Nelson Way
Ariel,Rolling,41388527342,0,RH+,1257,"error: invalid date ""24/12/2017""",376 Magdeline Court
Dyna,Frango,89609011184,AB,RH-,1029,"error: invalid date ""24/12/2017""",97070 Atwood Avenue
Hervey,Lippard,26160134349,AB,RH+,1654,"error: invalid date ""24/12/2017""",253 Boyd Alley
Dorita,Spincke,54581104286,AB,RH+,1878,"error: invalid date ""24/12/2017""",4 School Circle
Seumas,Windle,05676755422,AB,RH-,1700,"error: invalid date ""24/12/2017""",0 Fisk Trail
Elli,Tweedy,47441366458,B,RH-,1934,"error: invalid date ""24/12/2017""",6 Norway Maple Lane
Gearalt,Sollars,01758650750,A,RH-,1917,"error: invalid date ""24/12/2017""",6 Pawling Trail
Ede,Wildsmith,61719825628,B,RH-,1021,"error: invalid date ""24/12/2017""",0537 Spenser Way
Jaquith,O'Kuddyhy,72272116969,B,RH-,1116,"error: invalid date ""24/12/2017""",496 Paget Alley
Candide,Lees,29965606603,0,RH-,1053,"error: invalid date ""24/12/2017""",8662 Green Terrace
Mylo,Jacquemot,15544490510,AB,RH-,1354,"error: invalid date ""24/12/2017""",92828 Clemons Way
Matthus,Thon,76390283233,B,RH+,1390,"error: invalid date ""24/12/2017""",086 Maryland Place
Stinky,Chipps,44929746503,AB,RH-,1933,"error: invalid date ""24/12/2017""",67229 Oak Valley Plaza
Laurella,McClymond,97817093928,AB,RH+,1341,"error: invalid date ""24/12/2017""",8 Lakewood Gardens Terrace
Donnie,Harryman,75646199100,B,RH+,1316,"error: invalid date ""24/12/2017""",36782 Welch Hill
Rodina,Niese,36932161580,B,RH-,1271,"error: invalid date ""24/12/2017""",9772 Ilene Drive
Vannie,Dikels,68539150074,AB,RH-,1953,"error: invalid date ""24/12/2017""",9432 Havey Circle
Carolyne,Christin,02103444515,0,RH+,1653,"error: invalid date ""24/12/2017""",270 Heath Pass
Andi,Mawdsley,85066512882,B,RH-,1287,"error: invalid date ""24/12/2017""",0061 Eliot Park
Kerk,Dibben,15541002675,B,RH+,1043,"error: invalid date ""24/12/2017""",9 Scott Terrace
Thacher,Golland,84554000608,A,RH+,1559,"error: invalid date ""24/12/2017""",8180 Sugar Court
Brennan,Grayer,42198593936,AB,RH+,1438,"error: invalid date ""24/12/2017""",2 Maple Wood Road
Rheta,Gardiner,91921533305,A,RH+,1859,"error: invalid date ""24/12/2017""",1827 Haas Avenue
Lizabeth,Dumingo,73765598244,B,RH-,1179,"error: invalid date ""24/12/2017""",6862 Rutledge Court
Aubine,Waszczykowski,39377631400,AB,RH+,1437,"error: invalid date ""24/12/2017""",12169 Lerdahl Circle
Friedrich,Vsanelli,31119934166,AB,RH+,1662,"error: invalid date ""24/12/2017""",0703 Russell Circle
Tomasine,Aspall,74086504740,AB,RH-,1151,"error: invalid date ""24/12/2017""",6 Service Avenue
Dionne,Apted,39165527160,AB,RH-,1841,"error: invalid date ""24/12/2017""",920 Old Shore Junction
Kit,Cone,85850890274,AB,RH+,1275,"error: invalid date ""24/12/2017""",66 7th Avenue
Blondy,Burghall,00423976179,A,RH+,1863,"error: invalid date ""24/12/2017""",4 Express Crossing
Justus,Fancy,14896439008,AB,RH+,1291,"error: invalid date ""24/12/2017""",56 American Ash Drive
Dorian,Tock,43275203062,AB,RH+,1977,"error: invalid date ""24/12/2017""",50 Hanover Alley
Rona,Tumber,46747834079,AB,RH+,1834,"error: invalid date ""24/12/2017""",60 Crownhardt Lane
Katlin,Wade,68788175274,A,RH-,1403,"error: invalid date ""24/12/2017""",79747 Bultman Terrace
Robinet,McGlue,02549075921,A,RH-,1536,"error: invalid date ""24/12/2017""",78 Columbus Center
Aland,Milkeham,16940473827,0,RH-,1813,"error: invalid date ""24/12/2017""",390 Tony Street
Trumann,Tumbelty,61883535971,B,RH+,1565,"error: invalid date ""24/12/2017""",068 Bartillon Road
Emelia,McLenaghan,66475426024,AB,RH-,1015,"error: invalid date ""24/12/2017""",8290 Carberry Center
Georg,McKirdy,77710224307,AB,RH-,1890,"error: invalid date ""24/12/2017""",1 Lukken Crossing
Leora,Rawlin,37815701736,B,RH-,1147,"error: invalid date ""24/12/2017""",1 Eliot Alley
Braden,Fairham,86330404512,B,RH-,1601,"error: invalid date ""24/12/2017""",128 Golf View Center
Johan,Wike,07605030016,AB,RH+,1658,"error: invalid date ""24/12/2017""",610 Charing Cross Crossing
Davine,Lethbury,86141245511,AB,RH+,1876,"error: invalid date ""24/12/2017""",01205 Fairfield Plaza
Karim,Atheis,03838764299,A,RH-,1614,"error: invalid date ""24/12/2017""",510 Graedel Lane
Caryn,Overton,96435606621,AB,RH-,1646,"error: invalid date ""24/12/2017""",5894 Monica Way
Callie,Cerro,12717145023,AB,RH-,1056,"error: invalid date ""24/12/2017""",4280 Bluestem Plaza
Karena,Leach,02713887808,AB,RH-,1879,"error: invalid date ""24/12/2017""",1109 American Point
Hilliary,Kirkbride,08873065313,A,RH+,1590,"error: invalid date ""24/12/2017""",82 Crownhardt Court
William,Gothliff,26538920860,B,RH+,1438,"error: invalid date ""24/12/2017""",270 Anniversary Point
Regan,Assel,86122927480,B,RH+,1503,"error: invalid date ""24/12/2017""",16 Summit Circle
Odell,Fawdry,41020088888,AB,RH+,1847,"error: invalid date ""24/12/2017""",705 Esch Drive
Katuscha,Oliveira,50866885548,A,RH+,1545,"error: invalid date ""24/12/2017""",28 Hansons Lane
Maryellen,Leppington,43414980715,AB,RH-,1856,"error: invalid date ""24/12/2017""",0 Kinsman Pass
Hesther,Hildrew,75948461428,A,RH+,1484,"error: invalid date ""24/12/2017""",806 Upham Parkway
Felicia,De Blasiis,51005473357,AB,RH+,1397,"error: invalid date ""24/12/2017""",6356 Hollow Ridge Terrace
Billie,Maclaine,13643080696,AB,RH+,1286,"error: invalid date ""24/12/2017""",117 West Hill
Camile,Rubbert,93721983813,AB,RH+,1865,"error: invalid date ""24/12/2017""",325 Atwood Parkway
Dusty,Wilshin,56608393825,AB,RH+,1570,"error: invalid date ""24/12/2017""",9 Graceland Terrace
Garwin,Lochhead,85944693738,B,RH-,1574,"error: invalid date ""24/12/2017""",345 Londonderry Drive
Mikol,Gossington,66352335823,B,RH-,1295,"error: invalid date ""24/12/2017""",3565 Charing Cross Point
Phillip,Bish,32522548148,B,RH-,1014,"error: invalid date ""24/12/2017""",03 Towne Parkway
Sasha,Rowsell,11314116890,0,RH-,1294,"error: invalid date ""24/12/2017""",8 Russell Place
Erv,Seiter,55314504253,0,RH+,1770,"error: invalid date ""24/12/2017""",9132 Westerfield Road
Fanechka,MacSweeney,94522964718,AB,RH+,1976,"error: invalid date ""24/12/2017""",9 Gina Parkway
Reidar,Hubbuck,74155946890,A,RH+,1724,"error: invalid date ""24/12/2017""",20 Towne Alley
Delcina,Wasylkiewicz,10956025851,AB,RH-,1925,"error: invalid date ""24/12/2017""",15235 Ramsey Place
Mauricio,Crawshay,10581648398,B,RH+,1652,"error: invalid date ""24/12/2017""",5 Monica Court
Rickie,Barlas,92020079596,AB,RH+,1015,"error: invalid date ""24/12/2017""",7465 Trailsway Park
Tedra,Newlan,66830014023,B,RH+,1099,"error: invalid date ""24/12/2017""",82764 Debs Parkway
Ebeneser,Hafner,09864199673,A,RH+,1163,"error: invalid date ""24/12/2017""",43 Dayton Hill
Eal,Egar,31413579867,AB,RH-,1111,"error: invalid date ""24/12/2017""",65 Troy Junction
Clovis,Joel,43266318789,B,RH+,1017,"error: invalid date ""24/12/2017""",768 Lyons Plaza
Flemming,Perche,48049460378,0,RH+,1807,"error: invalid date ""24/12/2017""",58 Corben Drive
Geri,Keunemann,13906444976,A,RH+,1374,"error: invalid date ""24/12/2017""",07776 Holmberg Center
Tuckie,Peto,42249967132,0,RH+,1779,"error: invalid date ""24/12/2017""",56126 Buell Point
Karee,Clingoe,89993292016,B,RH-,1989,"error: invalid date ""24/12/2017""",976 Northview Plaza
Lauren,Follen,30864031757,AB,RH+,1823,"error: invalid date ""24/12/2017""",59 Forster Avenue
Justine,Rathbourne,16751802852,AB,RH+,1967,"error: invalid date ""24/12/2017""",216 Dakota Plaza
Andreas,Emson,82784246236,B,RH-,1921,"error: invalid date ""24/12/2017""",90768 Springs Way
Cathe,Benzie,20729162511,0,RH+,1797,"error: invalid date ""24/12/2017""",33 3rd Trail
Erica,Merner,58297922167,AB,RH+,1904,"error: invalid date ""24/12/2017""",45839 Scott Avenue
Rina,McCord,33608595874,AB,RH-,1777,"error: invalid date ""24/12/2017""",0187 Hoepker Point
Ettore,Maleney,12309573401,B,RH-,1968,"error: invalid date ""24/12/2017""",5878 Bowman Court
Amble,Baroc,02467287241,B,RH+,1236,"error: invalid date ""24/12/2017""",92 Nova Avenue
Nevile,Coller,57413393464,AB,RH-,1567,"error: invalid date ""24/12/2017""",9064 Old Shore Alley
Eilis,Heazel,27966012008,B,RH+,1409,"error: invalid date ""24/12/2017""",7775 Eagan Way
Alejandro,Baake,92833064528,B,RH-,1757,"error: invalid date ""24/12/2017""",9 Crest Line Park
Leticia,Linde,38942010249,AB,RH-,1423,"error: invalid date ""24/12/2017""",1089 Spaight Plaza
Darcy,Willmot,58243264043,0,RH+,1695,"error: invalid date ""24/12/2017""",95185 Truax Point
Loutitia,Herrero,97572841089,AB,RH-,1958,"error: invalid date ""24/12/2017""",5516 Del Sol Junction
Celinka,Treneer,85870041410,0,RH+,1945,"error: invalid date ""24/12/2017""",5593 Cambridge Terrace
Agace,Dance,89434711333,AB,RH+,1831,"error: invalid date ""24/12/2017""",32 Hallows Road
Barbie,Ashment,27031634992,B,RH+,1782,"error: invalid date ""24/12/2017""",8284 Hanson Pass
Angelique,Kinney,23207590054,B,RH+,1063,"error: invalid date ""24/12/2017""",27614 2nd Alley
Maurits,Ordish,79909059980,AB,RH-,1403,"error: invalid date ""24/12/2017""",05 Ramsey Circle
Drucie,Dog,59358024999,0,RH+,1042,"error: invalid date ""24/12/2017""",69933 Butternut Street
Consuelo,Borg-Bartolo,88346842242,AB,RH+,1392,"error: invalid date ""24/12/2017""",49 Arrowood Park
Doralin,McIvor,58123182752,0,RH+,1070,"error: invalid date ""24/12/2017""",016 Reindahl Junction
Chrisse,Scandrite,38974403663,AB,RH+,1197,"error: invalid date ""24/12/2017""",3 Rusk Parkway
Nobie,Boyd,96759299180,A,RH+,1743,"error: invalid date ""24/12/2017""",56152 Dottie Pass
Natasha,Gronav,91577315313,A,RH-,1472,"error: invalid date ""24/12/2017""",8118 Tennessee Lane
Janis,Tineman,52591832192,B,RH-,1908,"error: invalid date ""24/12/2017""",396 Hoard Center
Cammy,Jeans,08956410292,AB,RH-,1193,"error: invalid date ""24/12/2017""",4 Nobel Hill
Francisca,Francisco,50274835126,AB,RH+,1313,"error: invalid date ""24/12/2017""",2 Dennis Hill
Carlo,Pink,91776819386,AB,RH+,1790,"error: invalid date ""24/12/2017""",88043 Monterey Road
Arielle,Furminger,58226938833,AB,RH-,1213,"error: invalid date ""24/12/2017""",50053 Algoma Way
Lora,Monni,75357506805,B,RH+,1342,"error: invalid date ""24/12/2017""",6 Granby Street
Benedikt,Audley,29113021504,AB,RH+,1743,"error: invalid date ""24/12/2017""",68807 Pearson Park
Alidia,Dundredge,81835241363,AB,RH-,1138,"error: invalid date ""24/12/2017""",66375 Montana Drive
Bertie,Robinson,18244472726,AB,RH+,1234,"error: invalid date ""24/12/2017""",265 Pond Place
Sinclare,Tack,68477126045,AB,RH-,1504,"error: invalid date ""24/12/2017""",69 Fulton Park
Terry,Elwood,60672246775,A,RH-,1608,"error: invalid date ""24/12/2017""",2209 Hooker Lane
Vera,Jeffrey,05195603538,B,RH-,1728,"error: invalid date ""24/12/2017""",461 Butterfield Parkway
Gretta,Bumpas,72981275699,AB,RH-,1253,"error: invalid date ""24/12/2017""",34390 Marcy Center
Jess,Arons,00984036000,B,RH+,1424,"error: invalid date ""24/12/2017""",954 Sauthoff Point
Mal,McKyrrelly,47750399684,AB,RH+,1033,"error: invalid date ""24/12/2017""",565 Katie Place
Harv,Boules,52021968420,0,RH+,1104,"error: invalid date ""24/12/2017""",62 Anthes Lane
Sunshine,Atmore,91228049552,AB,RH-,1473,"error: invalid date ""24/12/2017""",2611 Lakeland Parkway
Eduardo,Avramchik,90579432695,B,RH+,1200,"error: invalid date ""24/12/2017""",8 Crowley Road
Biddie,Druitt,53043817425,0,RH+,1490,"error: invalid date ""24/12/2017""",2 Dapin Junction
Zilvia,Lepere,48492080493,AB,RH-,1455,"error: invalid date ""24/12/2017""",551 Mockingbird Pass
Vitoria,Frankema,82577840734,0,RH-,1216,"error: invalid date ""24/12/2017""",3378 Nobel Trail
Andreas,Parkman,51907804213,B,RH-,1752,"error: invalid date ""24/12/2017""",9 Canary Hill
Clo,Tesmond,91704956223,AB,RH+,1455,"error: invalid date ""24/12/2017""",3906 Gulseth Junction
Antonetta,Cardinal,09535561895,AB,RH-,1630,"error: invalid date ""24/12/2017""",55 Moose Pass
Timothee,Enright,07406898089,AB,RH-,1678,"error: invalid date ""24/12/2017""",689 Springview Circle
Magdalena,Wyne,93664662094,0,RH-,1471,"error: invalid date ""24/12/2017""",1 Waubesa Terrace
Linus,Trengove,74285743565,AB,RH+,1984,"error: invalid date ""24/12/2017""",2855 Amoth Plaza
Sibyl,Christoforou,09256520195,A,RH-,1355,"error: invalid date ""24/12/2017""",60 Dovetail Center
Staford,Wadforth,88225508416,B,RH-,1014,"error: invalid date ""24/12/2017""",3 Milwaukee Center
Jerry,Van de Vlies,81941060956,AB,RH-,1078,"error: invalid date ""24/12/2017""",45 Bunker Hill Terrace
Delano,Chatfield,22738037684,AB,RH-,1363,"error: invalid date ""24/12/2017""",84 Utah Crossing
Bondie,Graham,13865793917,B,RH+,1246,"error: invalid date ""24/12/2017""",6 Bartillon Crossing
Ly,Klausewitz,20360727822,AB,RH+,1892,"error: invalid date ""24/12/2017""",40017 Transport Hill
Ramsey,Charville,01332455847,B,RH+,1761,"error: invalid date ""24/12/2017""",5219 Gulseth Drive
Goober,Harder,44361209550,AB,RH+,1673,"error: invalid date ""24/12/2017""",52121 American Ash Trail
Harwell,Ironmonger,55502579187,AB,RH+,1019,"error: invalid date ""24/12/2017""",7 Jenna Road
Kane,Tilburn,88389816108,AB,RH-,1149,"error: invalid date ""24/12/2017""",964 Crest Line Junction
Marita,Lyptrade,14133492227,0,RH-,1132,"error: invalid date ""24/12/2017""",86728 Utah Terrace
Zandra,Rubberts,93672321893,AB,RH-,1348,"error: invalid date ""24/12/2017""",44 Delaware Drive
Camilla,Riach,13366962990,0,RH-,1094,"error: invalid date ""24/12/2017""",35327 Katie Crossing
Dolley,Aldwinckle,26446977100,AB,RH-,1918,"error: invalid date ""24/12/2017""",487 Bartelt Plaza
Gabby,Whylie,10266532709,B,RH+,1933,"error: invalid date ""24/12/2017""",7429 Meadow Vale Parkway
Hetti,Giraudat,54451594132,AB,RH+,1686,"error: invalid date ""24/12/2017""",246 David Circle
Rene,Silverthorn,44440432731,AB,RH-,1003,"error: invalid date ""24/12/2017""",128 Spenser Lane
Debbie,Jelfs,86158633014,B,RH-,1488,"error: invalid date ""24/12/2017""",605 Rockefeller Court
Lynea,Lufkin,88794797329,AB,RH+,1635,"error: invalid date ""24/12/2017""",53697 New Castle Parkway
Jacquelin,Pringell,01794893929,AB,RH-,1303,"error: invalid date ""24/12/2017""",98 Springs Junction
Iver,Casel,43806397657,0,RH-,1476,"error: invalid date ""24/12/2017""",478 Bartillon Parkway
Coop,Klaessen,68908400018,A,RH+,1576,"error: invalid date ""24/12/2017""",5 Mariners Cove Road
Ursuline,Warwicker,05611244011,AB,RH+,1221,"error: invalid date ""24/12/2017""",3035 Upham Hill
Tarra,Sreenan,16219738433,AB,RH+,1723,"error: invalid date ""24/12/2017""",7 Del Mar Point
Maegan,Rhelton,21413724786,B,RH+,1097,"error: invalid date ""24/12/2017""",5 Weeping Birch Center
Natal,Hathwood,40105431548,B,RH-,1127,"error: invalid date ""24/12/2017""",93 Brickson Park Lane
Gae,Gerrad,56021298909,AB,RH+,1045,"error: invalid date ""24/12/2017""",5 Magdeline Pass
Adriena,Malec,35412419375,B,RH-,1837,"error: invalid date ""24/12/2017""",70344 Heath Trail
Concettina,Blundon,99062323223,B,RH-,1165,"error: invalid date ""24/12/2017""",96227 Kropf Drive
Bailey,Cotesford,47242885128,A,RH+,1802,"error: invalid date ""24/12/2017""",366 Commercial Alley
Gail,Stevenson,09523843088,0,RH-,1622,"error: invalid date ""24/12/2017""",93 New Castle Avenue
Brucie,Cristoforo,86278916980,AB,RH-,1926,"error: invalid date ""24/12/2017""",1 Goodland Trail
Mureil,Moscone,79860047425,B,RH-,1886,"error: invalid date ""24/12/2017""",30 Welch Court
Katharina,Fullwood,52326993159,AB,RH+,1548,"error: invalid date ""24/12/2017""",9 Meadow Ridge Center
Romeo,Neighbour,76866859262,AB,RH+,1835,"error: invalid date ""24/12/2017""",35368 Corscot Way
Suzette,Pettecrew,16624750704,AB,RH+,1332,"error: invalid date ""24/12/2017""",542 Troy Street
Charleen,Ferraraccio,53758068563,0,RH+,1155,"error: invalid date ""24/12/2017""",881 Di Loreto Crossing
Elizabet,O'Kinedy,27383621579,A,RH-,1074,"error: invalid date ""24/12/2017""",346 Di Loreto Way
Hillel,Arnell,89318899403,A,RH+,1702,"error: invalid date ""24/12/2017""",8506 Cascade Road
Wilton,Noddles,08201472845,B,RH+,1522,"error: invalid date ""24/12/2017""",04 Clarendon Point
Amalia,Sommerlin,24310124695,AB,RH-,1753,"error: invalid date ""24/12/2017""",588 Linden Hill
Salomone,Bracer,32803059069,AB,RH+,1874,"error: invalid date ""24/12/2017""",426 Golf View Drive
Garold,Olohan,68883562533,AB,RH+,1772,"error: invalid date ""24/12/2017""",2866 Straubel Parkway
Juan,Comrie,62669875863,AB,RH+,1642,"error: invalid date ""24/12/2017""",7159 Pearson Street
Bendix,Sharland,06952263761,A,RH+,1453,"error: invalid date ""24/12/2017""",3753 Jenna Way
Quentin,Cobbe,09354248716,AB,RH-,1304,"error: invalid date ""24/12/2017""",194 Magdeline Avenue
Ellerey,Illston,10481276244,B,RH+,1096,"error: invalid date ""24/12/2017""",34497 Granby Hill
Carmela,Paffett,03691983218,AB,RH+,1476,"error: invalid date ""24/12/2017""",6121 Vera Street
Kristan,Rhoddie,69120519853,B,RH+,1654,"error: invalid date ""24/12/2017""",23 Morning Drive
Celestyna,Iacomo,54454283338,AB,RH+,1052,"error: invalid date ""24/12/2017""",47725 Sauthoff Trail
Pollyanna,Gabbotts,12987817548,AB,RH+,1602,"error: invalid date ""24/12/2017""",659 Main Parkway
Kathlin,Hing,49895688783,A,RH+,1750,"error: invalid date ""24/12/2017""",32 Vernon Parkway
Jamesy,Curnnok,09292484120,AB,RH-,1126,"error: invalid date ""24/12/2017""",4 Logan Place
Aloysius,Flucker,41769038255,B,RH-,1866,"error: invalid date ""24/12/2017""",211 Melrose Way
Jessey,Eadmeads,35090004840,AB,RH-,1636,"error: invalid date ""24/12/2017""",27 Roxbury Point
Rhetta,Basilone,89561398405,B,RH+,1911,"error: invalid date ""24/12/2017""",8845 Annamark Trail
Andy,McLachlan,82273170796,AB,RH-,1499,"error: invalid date ""24/12/2017""",86 Memorial Lane
L;urette,Kingwell,66796283776,B,RH+,1824,"error: invalid date ""24/12/2017""",5 Spenser Street
Regan,Woakes,41207256700,AB,RH-,1338,"error: invalid date ""24/12/2017""",80 Westend Place
Lewiss,Weiser,97754624883,AB,RH+,1386,"error: invalid date ""24/12/2017""",669 Michigan Center
Gianni,Sullivan,26110089311,AB,RH-,1270,"error: invalid date ""24/12/2017""",679 Manley Parkway
Torey,Rawes,80528594007,AB,RH+,1685,"error: invalid date ""24/12/2017""",76171 Main Pass
Dalila,De Giovanni,36447135275,AB,RH+,1547,"error: invalid date ""24/12/2017""",9677 Hollow Ridge Avenue
Jackquelin,Swyer,90288299003,AB,RH+,1316,"error: invalid date ""24/12/2017""",4 Spaight Street
Dinny,Gulliford,13166772225,AB,RH-,1584,"error: invalid date ""24/12/2017""",281 Melvin Place
Rosanne,Janzen,26356494919,AB,RH+,1436,"error: invalid date ""24/12/2017""",91969 Walton Point
Meghann,Iremonger,96425033234,B,RH+,1880,"error: invalid date ""24/12/2017""",5 Lakewood Road
Mildred,Rottery,65240639549,A,RH-,1191,"error: invalid date ""24/12/2017""",0415 Calypso Avenue
Yvonne,Start,75206020986,AB,RH-,1061,"error: invalid date ""24/12/2017""",1601 Tennessee Trail
Annecorinne,Mohammed,87770255176,B,RH+,1429,"error: invalid date ""24/12/2017""",01 Roxbury Lane
Nathaniel,Romke,44081126420,AB,RH+,1344,"error: invalid date ""24/12/2017""",14 Starling Pass
Athene,Janz,10977546835,AB,RH+,1461,"error: invalid date ""24/12/2017""",60 Melrose Junction
Dasha,Huc,63755262852,B,RH+,1927,"error: invalid date ""24/12/2017""",5861 Westport Court
Myrta,Guidini,81870942735,B,RH-,1914,"error: invalid date ""24/12/2017""",740 Rowland Road
Olivier,Boddis,87364923885,B,RH-,1558,"error: invalid date ""24/12/2017""",39174 Forest Trail
Benni,Seeger,66744693062,A,RH+,1822,"error: invalid date ""24/12/2017""",6228 Bashford Road
Tybie,Marrow,99581422000,AB,RH+,1763,"error: invalid date ""24/12/2017""",51 Kennedy Center
Antonie,Headings,79984213879,AB,RH+,1933,"error: invalid date ""24/12/2017""",1 Dunning Terrace
Des,Milton-White,29617053614,B,RH+,1450,"error: invalid date ""24/12/2017""",51983 Quincy Parkway
Quillan,Serotsky,66763617917,AB,RH+,1300,"error: invalid date ""24/12/2017""",4264 Dovetail Alley
Hurley,Devlin,41658579963,AB,RH-,1372,"error: invalid date ""24/12/2017""",720 Calypso Terrace
Edgar,Chinge de Hals,75776675607,0,RH-,1679,"error: invalid date ""24/12/2017""",5058 Mifflin Crossing
Hanna,Crafts,56185482845,B,RH-,1843,"error: invalid date ""24/12/2017""",8 Drewry Park
Fionnula,Alliker,03023840343,B,RH-,1912,"error: invalid date ""24/12/2017""",53 Evergreen Junction
Karlyn,Wilkinson,29345085210,B,RH-,1508,"error: invalid date ""24/12/2017""",7 Jackson Street
Meredeth,O'Scollee,12388908905,B,RH-,1258,"error: invalid date ""24/12/2017""",33 Luster Court
Miof mela,Klemmt,06840704017,AB,RH-,1324,"error: invalid date ""24/12/2017""",2193 Mitchell Way
Akim,Dudhill,59037309586,A,RH-,1301,"error: invalid date ""24/12/2017""",5802 Mandrake Court
Theresa,Jozsef,46982389098,A,RH+,1146,"error: invalid date ""24/12/2017""",2205 Gale Court
Andriana,Lurner,80833125755,B,RH+,1194,"error: invalid date ""24/12/2017""",2 Butterfield Hill
Brandon,Kopta,69943423027,B,RH-,1267,"error: invalid date ""24/12/2017""",04 Kim Way
Alexis,Bodycomb,12435723168,0,RH+,1527,"error: invalid date ""24/12/2017""",03970 Rowland Drive
Joannes,Chadbourne,62120651414,B,RH+,1395,"error: invalid date ""24/12/2017""",7 Jackson Point
Solly,Keat,39794555295,AB,RH+,1870,"error: invalid date ""24/12/2017""",87822 Schmedeman Avenue
Winonah,McKee,59301632756,AB,RH+,1880,"error: invalid date ""24/12/2017""",0187 Lillian Lane
Mariska,Slorance,88982117970,0,RH+,1557,"error: invalid date ""24/12/2017""",45770 Oakridge Parkway
Paige,Whitwood,83049321076,B,RH+,1353,"error: invalid date ""24/12/2017""",19825 Rockefeller Junction
Luciana,McLaren,46640445091,B,RH+,1444,"error: invalid date ""24/12/2017""",65879 Carberry Lane
Briggs,Vlach,78823846125,A,RH-,1656,"error: invalid date ""24/12/2017""",29628 Cordelia Parkway
Alexandrina,Coatman,87965199290,0,RH+,1618,"error: invalid date ""24/12/2017""",533 Raven Way
Almeria,Frays,80592116350,A,RH-,1668,"error: invalid date ""24/12/2017""",0889 Lake View Place
Celestyn,Bovingdon,28809007602,A,RH-,1085,"error: invalid date ""24/12/2017""",45 Waxwing Court
Hedwig,Currie,04660579990,AB,RH+,1094,"error: invalid date ""24/12/2017""",1508 Swallow Drive
Miquela,Richichi,82679445129,AB,RH+,1480,"error: invalid date ""24/12/2017""",9431 Transport Avenue
Richart,Walewicz,64788727498,0,RH-,1619,"error: invalid date ""24/12/2017""",470 Tomscot Court
Boote,Sedge,79522275619,AB,RH+,1976,"error: invalid date ""24/12/2017""",34 Bunting Park
Griff,MacMenamy,34209326888,AB,RH-,1503,"error: invalid date ""24/12/2017""",3 Novick Place
Courtney,Battelle,59350249335,0,RH-,1276,"error: invalid date ""24/12/2017""",50701 Randy Hill
Merle,Isacq,98567600072,A,RH+,1486,"error: invalid date ""24/12/2017""",07386 Jenna Lane
Burtie,Tozer,72464390255,0,RH-,1587,"error: invalid date ""24/12/2017""",19 Shasta Alley
Corly,Massey,11862268583,0,RH+,1004,"error: invalid date ""24/12/2017""",813 Shopko Pass
Dorian,Yearron,61303263750,0,RH+,1306,"error: invalid date ""24/12/2017""",752 Little Fleur Alley
Tiebold,Flarity,48314195791,AB,RH+,1972,"error: invalid date ""24/12/2017""",999 Hallows Pass
Vanny,Dotterill,81947763814,AB,RH+,1499,"error: invalid date ""24/12/2017""",77213 Merchant Plaza
Ky,Winnett,92604102708,B,RH+,1726,"error: invalid date ""24/12/2017""",24 Golf Place
Judas,Eathorne,02641531308,0,RH+,1490,"error: invalid date ""24/12/2017""",797 Golf Court
Hertha,Straun,96372955439,AB,RH-,1128,"error: invalid date ""24/12/2017""",5 5th Point
Prudy,O'Shavlan,45710020133,0,RH+,1777,"error: invalid date ""24/12/2017""",9 Dixon Street
Riobard,McCague,93700379178,AB,RH+,1233,"error: invalid date ""24/12/2017""",06 Hallows Drive
Arlyne,Castiblanco,09307529270,B,RH-,1613,"error: invalid date ""24/12/2017""",399 Clove Place
Maye,Cropton,86243483747,B,RH+,1457,"error: invalid date ""24/12/2017""",4 Waywood Circle
Maridel,Lamplugh,02508798985,B,RH-,1299,"error: invalid date ""24/12/2017""",9 Darwin Way
Curcio,Vain,69645399558,B,RH+,1279,"error: invalid date ""24/12/2017""",97678 Lake View Point
Marijn,Every,55426290160,AB,RH-,1726,"error: invalid date ""24/12/2017""",904 Almo Parkway
Tonya,Surr,35325396032,AB,RH+,1534,"error: invalid date ""24/12/2017""",7 Manitowish Street
Nikolaos,Sonier,12299872449,0,RH-,1568,"error: invalid date ""24/12/2017""",3992 Maywood Avenue
Terencio,Hurd,64413332915,AB,RH-,1386,"error: invalid date ""24/12/2017""",09 Brown Park
Welby,Enoch,71758385524,AB,RH+,1697,"error: invalid date ""24/12/2017""",5 Service Crossing
Griselda,McPeck,52670873891,B,RH+,1146,"error: invalid date ""24/12/2017""",9657 Grayhawk Park
Shandie,Valero,65333447065,AB,RH+,1904,"error: invalid date ""24/12/2017""",0732 Sachs Hill
Jess,Leedes,34167436368,B,RH+,1677,"error: invalid date ""24/12/2017""",79397 Mccormick Park
Hall,Norcliffe,08446225486,B,RH+,1455,"error: invalid date ""24/12/2017""",1733 Texas Trail
Irita,Duffan,68763461929,0,RH-,1245,"error: invalid date ""24/12/2017""",477 Badeau Point
Dane,Eam,34473975871,A,RH+,1307,"error: invalid date ""24/12/2017""",3 Walton Plaza
Lutero,Hallgalley,17953157434,B,RH-,1763,"error: invalid date ""24/12/2017""",441 Springs Court
Tony,McJerrow,43573878644,0,RH+,1886,"error: invalid date ""24/12/2017""",591 Roth Drive
Randi,Shoobridge,25776503639,AB,RH+,1272,"error: invalid date ""24/12/2017""",15 6th Road
Saw,Spaduzza,91392875742,AB,RH-,1913,"error: invalid date ""24/12/2017""",977 Buena Vista Circle
Gregory,Tesmond,26248163057,AB,RH+,1133,"error: invalid date ""24/12/2017""",09838 Blackbird Place
Emanuele,Dowson,09429700024,AB,RH+,1767,"error: invalid date ""24/12/2017""",99256 Monterey Terrace
Dona,Hamley,34358339484,AB,RH-,1540,"error: invalid date ""24/12/2017""",41147 Moose Parkway
Arlette,Start,59853729894,0,RH-,1952,"error: invalid date ""24/12/2017""",522 Morrow Lane
Roldan,Shewon,19451339428,0,RH-,1476,"error: invalid date ""24/12/2017""",33 8th Lane
Rollie,Kynastone,91926861664,0,RH+,1815,"error: invalid date ""24/12/2017""",54 Duke Park
Roze,Redparth,28782936570,A,RH-,1580,"error: invalid date ""24/12/2017""",18 Gateway Park
Pinchas,Batstone,76164733199,0,RH-,1343,"error: invalid date ""24/12/2017""",27 Bellgrove Lane
Bibby,Wetherick,66361658020,B,RH-,1900,"error: invalid date ""24/12/2017""",039 Alpine Point
Tresa,Chadwell,26403684879,AB,RH-,1435,"error: invalid date ""24/12/2017""",34 Hooker Terrace
Dominica,Blonfield,51214267695,AB,RH+,1790,"error: invalid date ""24/12/2017""",4997 Kenwood Park
Dorelle,Taberner,87153227262,0,RH-,1138,"error: invalid date ""24/12/2017""",05661 Butterfield Parkway
Worth,Lohering,63831180735,AB,RH-,1682,"error: invalid date ""24/12/2017""",05 Wayridge Court
Bradford,Rops,16111015957,B,RH-,1417,"error: invalid date ""24/12/2017""",0 Lighthouse Bay Parkway
Margaux,Levis,58132530532,B,RH+,1419,"error: invalid date ""24/12/2017""",4878 Elmside Circle
Sandie,Astridge,20091465175,AB,RH-,1600,"error: invalid date ""24/12/2017""",3511 Karstens Avenue
Smith,Gronw,39112017379,A,RH-,1215,"error: invalid date ""24/12/2017""",7 Shopko Way
Talyah,McTague,28562152851,B,RH+,1175,"error: invalid date ""24/12/2017""",36 Valley Edge Drive
Diane,Danforth,73041044936,AB,RH+,1404,"error: invalid date ""24/12/2017""",89 Independence Way
Manolo,Anning,66821247052,A,RH+,1998,"error: invalid date ""24/12/2017""",3266 Dawn Court
Eustacia,Radborn,84743101328,AB,RH+,1119,"error: invalid date ""24/12/2017""",895 Crest Line Court
Lutero,Makey,24436058425,B,RH-,1856,"error: invalid date ""24/12/2017""",9 Iowa Lane
Ethelyn,Fairrie,82697818403,AB,RH-,1836,"error: invalid date ""24/12/2017""",2 Reindahl Junction
Maurine,Aartsen,44599343507,AB,RH+,1732,"error: invalid date ""24/12/2017""",04396 Portage Plaza
Harriot,Bellworthy,11634475084,0,RH-,1288,"error: invalid date ""24/12/2017""",27 Namekagon Alley
Maddy,Saunders,02610622326,A,RH-,1670,"error: invalid date ""24/12/2017""",85193 Surrey Junction
Sonnie,Gard,53339705140,AB,RH+,1315,"error: invalid date ""24/12/2017""",67845 Wayridge Park
Alexine,Eberz,30798039639,AB,RH+,1657,"error: invalid date ""24/12/2017""",731 Randy Center
Lennie,Howels,18916869312,AB,RH-,1637,"error: invalid date ""24/12/2017""",2863 Beilfuss Center
Leonid,Mougeot,87961043213,AB,RH-,1171,"error: invalid date ""24/12/2017""",6 Monterey Street
Spence,Tallquist,99744944736,A,RH+,1722,"error: invalid date ""24/12/2017""",7584 Grover Trail
Valeria,Spilstead,60739790344,B,RH+,1607,"error: invalid date ""24/12/2017""",2 Montana Lane
Aube,Smiths,51047535006,A,RH+,1123,"error: invalid date ""24/12/2017""",4980 Oakridge Alley
Jada,Desquesnes,58451634373,B,RH-,1497,"error: invalid date ""24/12/2017""",33359 Mariners Cove Street
Giorgia,Kenelin,01860171122,A,RH+,1534,"error: invalid date ""24/12/2017""",9619 Sheridan Terrace
Halette,Slateford,34446771001,B,RH+,1213,"error: invalid date ""24/12/2017""",21 Prentice Pass
Arden,Misk,93278422924,AB,RH+,1733,"error: invalid date ""24/12/2017""",12 Alpine Terrace
Neville,Cattow,34463499421,B,RH-,1725,"error: invalid date ""24/12/2017""",11 Sugar Place
Oriana,McAdam,99726063581,AB,RH-,1777,"error: invalid date ""24/12/2017""",31 Dennis Street
Brandyn,Brunning,77781765298,0,RH-,1004,"error: invalid date ""24/12/2017""",73597 Mcguire Plaza
Wildon,Bramsom,51136914064,AB,RH-,1372,"error: invalid date ""24/12/2017""",7 Porter Park
Arlin,Semon,83227607471,AB,RH+,1155,"error: invalid date ""24/12/2017""",49 Fulton Park
Corina,Cornehl,18262021906,0,RH-,1734,"error: invalid date ""24/12/2017""",4490 Granby Terrace
Rorke,Bolley,63379047822,AB,RH-,1590,"error: invalid date ""24/12/2017""",7624 Stuart Street
Olly,Evenett,11773914675,A,RH+,1773,"error: invalid date ""24/12/2017""",2 Luster Crossing
Heinrick,Delacourt,40324515783,AB,RH+,1425,"error: invalid date ""24/12/2017""",32903 Merrick Pass
Richart,Crossan,83748960225,AB,RH+,1023,"error: invalid date ""24/12/2017""",70 Toban Alley
Hetty,Farenden,88397123557,AB,RH+,1618,"error: invalid date ""24/12/2017""",02944 Fieldstone Road
Allys,Clyde,25525103749,B,RH-,1537,"error: invalid date ""24/12/2017""",503 Kinsman Avenue
Obediah,Franzewitch,63001735800,AB,RH-,1007,"error: invalid date ""24/12/2017""",058 Becker Alley
Roosevelt,Berthelmot,05639804073,B,RH+,1213,"error: invalid date ""24/12/2017""",87043 Northridge Road
Grete,Tungay,18121505762,AB,RH-,1479,"error: invalid date ""24/12/2017""",35743 Shelley Drive
Sissie,Stillgoe,47805339925,A,RH+,1934,"error: invalid date ""24/12/2017""",9 Glendale Trail
Leighton,Upshall,79886584856,A,RH-,1909,"error: invalid date ""24/12/2017""",9745 Farwell Place
Chloe,Isworth,17428479008,AB,RH+,1286,"error: invalid date ""24/12/2017""",30148 American Ash Plaza
Lucina,Airy,13111957563,AB,RH-,1943,"error: invalid date ""24/12/2017""",6807 Pond Pass
Kaiser,Dalgarnocht,58872213318,AB,RH-,1801,"error: invalid date ""24/12/2017""",37905 Washington Drive
Sigismund,Adrienne,82596865325,B,RH-,1200,"error: invalid date ""24/12/2017""",94616 Hollow Ridge Way
Lotty,von Hagt,77743257036,AB,RH-,1814,"error: invalid date ""24/12/2017""",15 Dovetail Court
Gene,Kohn,58418642533,A,RH-,1686,"error: invalid date ""24/12/2017""",86 Rowland Circle
Samaria,Grebbin,93216920355,AB,RH+,1612,"error: invalid date ""24/12/2017""",9182 Arizona Alley
Harman,Reese,78961481605,AB,RH-,1380,"error: invalid date ""24/12/2017""",79 Melrose Alley
Frederick,Biggin,88720546127,0,RH-,1324,"error: invalid date ""24/12/2017""",409 Hudson Park
Felicity,Gilmore,01309347055,0,RH+,1429,"error: invalid date ""24/12/2017""",18070 Kinsman Junction
Ramsey,Bines,47236652628,B,RH-,1706,"error: invalid date ""24/12/2017""",33881 Pierstorff Court
Egan,Felder,98740857867,AB,RH-,1040,"error: invalid date ""24/12/2017""",912 Vermont Road
Gerri,Chesshyre,11742897505,B,RH+,1670,"error: invalid date ""24/12/2017""",63 Sloan Way
Sammy,Mottram,69465990156,AB,RH-,1085,"error: invalid date ""24/12/2017""",22 Mccormick Avenue
Sibbie,Bernardez,35130946307,A,RH-,1869,"error: invalid date ""24/12/2017""",77978 Daystar Place
Petrina,Tunuy,66179348959,0,RH-,1623,"error: invalid date ""24/12/2017""",248 Esch Road
Kimball,Ellwood,62655409453,AB,RH+,1923,"error: invalid date ""24/12/2017""",3 Hansons Junction
Liana,Bartoszinski,58718588345,B,RH+,1706,"error: invalid date ""24/12/2017""",9 Kropf Center
Ezechiel,Puncher,73394742820,AB,RH-,1454,"error: invalid date ""24/12/2017""",34 Badeau Drive
Arlene,Collidge,18426460231,AB,RH-,1372,"error: invalid date ""24/12/2017""",508 Anthes Park
Cassius,Mosedale,55735517451,0,RH-,1761,"error: invalid date ""24/12/2017""",9860 Service Trail
Ransom,Copnell,18033053208,AB,RH-,1088,"error: invalid date ""24/12/2017""",90409 Northview Terrace
Arie,Stairmand,53063174795,B,RH+,1057,"error: invalid date ""24/12/2017""",600 Arizona Court
Selina,Reisin,87443345293,B,RH-,1522,"error: invalid date ""24/12/2017""",123 Anhalt Avenue
Harold,Chimienti,26753277228,A,RH-,1092,"error: invalid date ""24/12/2017""",073 Sunnyside Plaza
Cherri,Manon,63824308407,AB,RH+,1429,"error: invalid date ""24/12/2017""",724 Eastwood Drive
Sanders,Stolz,89117408928,AB,RH+,1788,"error: invalid date ""24/12/2017""",21 Petterle Plaza
Darlene,Appleby,94890032735,A,RH-,1028,"error: invalid date ""24/12/2017""",66 Randy Drive
Lydia,Callaby,09279756871,AB,RH+,1082,"error: invalid date ""24/12/2017""",363 Basil Trail
Cassandre,Rougier,58101234002,AB,RH+,1651,"error: invalid date ""24/12/2017""",2864 Maple Wood Lane
Rosalie,Leadstone,06682718394,B,RH-,1746,"error: invalid date ""24/12/2017""",747 Buena Vista Avenue
Florette,De Filippi,33185916335,AB,RH+,1259,"error: invalid date ""24/12/2017""",8359 Mcbride Street
Valenka,Scouse,84330234126,AB,RH-,1844,"error: invalid date ""24/12/2017""",2852 Carpenter Drive
Andreana,Gussin,17453045311,AB,RH+,1937,"error: invalid date ""24/12/2017""",40 Kropf Junction
Gussy,Egleton,30252879491,0,RH+,1204,"error: invalid date ""24/12/2017""",44715 Springview Pass
Xenia,McMearty,23303191384,AB,RH+,1638,"error: invalid date ""24/12/2017""",0 Stephen Park
Carmina,Grossman,07575940557,B,RH+,1766,"error: invalid date ""24/12/2017""",37 Melby Park
Celestine,Thridgould,95866067033,A,RH-,1192,"error: invalid date ""24/12/2017""",6080 Comanche Park
Huntington,Newsome,50535471970,A,RH+,1992,"error: invalid date ""24/12/2017""",3 Anzinger Road
Oralle,Byatt,05089506913,0,RH+,1573,"error: invalid date ""24/12/2017""",548 Shoshone Lane
Aliza,Shambrook,42312240521,AB,RH-,1496,"error: invalid date ""24/12/2017""",36479 Alpine Alley
Marillin,Bockings,92091311264,AB,RH+,1494,"error: invalid date ""24/12/2017""",99 Lyons Lane
Everett,Dedden,57191541451,B,RH+,1105,"error: invalid date ""24/12/2017""",84 Main Way
Maje,Letterese,75223648542,AB,RH-,1072,"error: invalid date ""24/12/2017""",9652 Dwight Hill
Onfre,Youdell,64503042533,AB,RH-,1677,"error: invalid date ""24/12/2017""",2517 Granby Parkway
Cornelius,Prazor,63463274799,0,RH+,1710,"error: invalid date ""24/12/2017""",61 Thackeray Lane
Brady,Newrick,20403769555,AB,RH-,1536,"error: invalid date ""24/12/2017""",06580 Ryan Alley
Yancy,Castagneto,96102753080,B,RH+,1935,"error: invalid date ""24/12/2017""",64899 Macpherson Avenue
Logan,Crouse,84917199319,AB,RH-,1777,"error: invalid date ""24/12/2017""",31 Southridge Hill
Calida,Northeast,86327460343,AB,RH+,1201,"error: invalid date ""24/12/2017""",5483 Westend Way
Wyatt,Nichols,19625454446,AB,RH+,1041,"error: invalid date ""24/12/2017""",59687 Algoma Terrace
Denny,Deboo,50575696189,B,RH+,1410,"error: invalid date ""24/12/2017""",8481 Sugar Alley
Giovanni,Peller,51095361157,AB,RH-,1975,"error: invalid date ""24/12/2017""",40242 Fairfield Drive
Sabrina,Szymanowski,22394940567,AB,RH+,1778,"error: invalid date ""24/12/2017""",5866 Ohio Trail
Godfree,Brandham,85805772476,B,RH-,1065,"error: invalid date ""24/12/2017""",47322 Scott Junction
Jill,Lardner,41180840747,B,RH-,1026,"error: invalid date ""24/12/2017""",24178 American Ash Junction
George,Westby,32713530575,B,RH-,1196,"error: invalid date ""24/12/2017""",142 Packers Alley
Ardath,Docker,26217179405,AB,RH-,1400,"error: invalid date ""24/12/2017""",65 Bashford Center
Fergus,Essberger,58670638712,A,RH-,1923,"error: invalid date ""24/12/2017""",5 Green Road
Selig,Whitwell,71227115644,B,RH+,1386,"error: invalid date ""24/12/2017""",977 Sherman Court
Harlen,Jereatt,39589475117,B,RH-,1087,"error: invalid date ""24/12/2017""",64 Twin Pines Junction
Bernhard,Kubu,73895302429,0,RH+,1186,"error: invalid date ""24/12/2017""",48958 Vahlen Point
Putnem,Mathew,08894596988,B,RH+,1140,"error: invalid date ""24/12/2017""",8 Mallard Lane
Lynett,Assard,34766838468,AB,RH+,1773,"error: invalid date ""24/12/2017""",902 Morrow Point
Port,Seawright,85872272976,B,RH+,1370,"error: invalid date ""24/12/2017""",2392 Ridgeway Hill
Arni,Royal,10777165932,A,RH+,1955,"error: invalid date ""24/12/2017""",6 Hayes Drive
Berry,Casperri,33169272685,AB,RH+,1212,"error: invalid date ""24/12/2017""",59935 Pearson Point
Griswold,Realy,33149308641,B,RH+,1277,"error: invalid date ""24/12/2017""",7 7th Pass
Giffer,Bellany,73261955163,AB,RH-,1846,"error: invalid date ""24/12/2017""",0 Melvin Avenue
Emily,Thurston,51380989765,B,RH-,1315,"error: invalid date ""24/12/2017""",1 Mallory Park
Filmore,Giovanizio,95874121531,AB,RH-,1451,"error: invalid date ""24/12/2017""",95000 Fisk Lane
Lenore,Meert,42048345161,AB,RH-,1294,"error: invalid date ""24/12/2017""",1 Basil Road
Wyn,Sleeman,65855103183,B,RH-,1782,"error: invalid date ""24/12/2017""",39 Sunfield Road
Lefty,Lomax,24690819988,AB,RH+,1876,"error: invalid date ""24/12/2017""",51788 Eastlawn Alley
Charmaine,Elfes,70271931117,0,RH+,1815,"error: invalid date ""24/12/2017""",76854 8th Lane
Dalenna,Rapsey,51313237614,AB,RH+,1161,"error: invalid date ""24/12/2017""",966 Graedel Parkway
Hadria,Dadswell,18716513663,B,RH+,1992,"error: invalid date ""24/12/2017""",2189 Grasskamp Way
Kania,Karolewski,65337957184,AB,RH+,1697,"error: invalid date ""24/12/2017""",591 Pankratz Point
Efren,Upstone,37604795155,0,RH-,1856,"error: invalid date ""24/12/2017""",323 Buell Street
Stirling,Nother,83386168240,AB,RH-,1356,"error: invalid date ""24/12/2017""",242 Susan Center
Terri-jo,Courtenay,46160814528,AB,RH+,1527,"error: invalid date ""24/12/2017""",86 Laurel Road
Daron,Lugg,11451709400,A,RH+,1024,"error: invalid date ""24/12/2017""",3 Thierer Junction
Andrea,Denniston,62643556503,B,RH-,1931,"error: invalid date ""24/12/2017""",2943 Autumn Leaf Avenue
Atlante,Clews,87644979985,AB,RH-,1887,"error: invalid date ""24/12/2017""",628 Twin Pines Avenue
Maribelle,Averall,48175267968,AB,RH+,1706,"error: invalid date ""24/12/2017""",4 Buena Vista Parkway
Camellia,Hitchens,87231308898,AB,RH+,1747,"error: invalid date ""24/12/2017""",0 Heath Plaza
Siobhan,McGraw,98425352323,A,RH-,1581,"error: invalid date ""24/12/2017""",27473 Ridgeway Drive
Scottie,Morena,13198188897,B,RH+,1023,"error: invalid date ""24/12/2017""",2 Spaight Center
Therine,Angric,61207870712,A,RH+,1691,"error: invalid date ""24/12/2017""",953 Erie Pass
Arleen,Eakins,13019985771,0,RH+,1838,"error: invalid date ""24/12/2017""",4519 Norway Maple Crossing
Parsifal,Pawels,52921326759,A,RH-,1413,"error: invalid date ""24/12/2017""",8 Kedzie Street
Reena,Windham,23483098728,AB,RH-,1066,"error: invalid date ""24/12/2017""",4045 Hoard Court
Justen,Struthers,51629698264,B,RH-,1662,"error: invalid date ""24/12/2017""",40209 Meadow Vale Way
Orella,Basey,52229990178,B,RH+,1923,"error: invalid date ""24/12/2017""",7 Ilene Lane
Dilan,Entwhistle,16262846563,AB,RH-,1176,"error: invalid date ""24/12/2017""",1243 7th Hill
Jodi,Jeans,64332826722,AB,RH-,1620,"error: invalid date ""24/12/2017""",92619 Buell Pass
Yolande,Kille,58954155997,AB,RH-,1086,"error: invalid date ""24/12/2017""",1 4th Hill
Berny,Duran,60930658028,AB,RH-,1480,"error: invalid date ""24/12/2017""",41 Dawn Parkway
Halley,Blodget,41900956013,AB,RH-,1721,"error: invalid date ""24/12/2017""",60 Eagan Road
Dyanna,Jery,31631789778,B,RH+,1228,"error: invalid date ""24/12/2017""",6 Karstens Hill
Hilary,Faiers,29059461635,A,RH+,1098,"error: invalid date ""24/12/2017""",42883 Amoth Lane
Grata,Halladey,80252308626,B,RH-,1833,"error: invalid date ""24/12/2017""",476 Jana Crossing
Pippa,Campana,97459580109,AB,RH-,1177,"error: invalid date ""24/12/2017""",5 Nobel Road
Ethyl,Assante,42680438652,B,RH-,1744,"error: invalid date ""24/12/2017""",98 Chive Terrace
Wilmar,Vear,88858411447,B,RH+,1777,"error: invalid date ""24/12/2017""",96 Tennyson Drive
Christian,Pitherick,56522891439,A,RH+,1423,"error: invalid date ""24/12/2017""",20173 Ridgeview Lane
Elle,Mansford,80937876293,B,RH-,1448,"error: invalid date ""24/12/2017""",46 Forest Road
Jayme,MacCorley,67245787415,B,RH-,1388,"error: invalid date ""24/12/2017""",999 Birchwood Hill
Felike,Morsley,66669711398,0,RH-,1727,"error: invalid date ""24/12/2017""",2 Hauk Street
Francisco,Shubotham,70727180866,AB,RH-,1237,"error: invalid date ""24/12/2017""",37187 Schurz Pass
Samara,Cashell,74365500593,AB,RH+,1659,"error: invalid date ""24/12/2017""",345 6th Point
Leticia,Leynham,67071350679,B,RH-,1896,"error: invalid date ""24/12/2017""",85364 Oak Valley Lane
Andras,Borer,59350903988,A,RH-,1519,"error: invalid date ""24/12/2017""",14916 Memorial Crossing
Lorilee,Windross,68261274223,AB,RH+,1857,"error: invalid date ""24/12/2017""",3330 Utah Trail
Alysa,Williscroft,69656390720,B,RH+,1308,"error: invalid date ""24/12/2017""",37 Darwin Circle
Marnia,Panner,40462775008,AB,RH-,1888,"error: invalid date ""24/12/2017""",0635 Bunker Hill Terrace
Jeffy,Mowat,81322090749,AB,RH-,1864,"error: invalid date ""24/12/2017""",6321 Blaine Circle
Gaylene,Newbury,75463154282,B,RH-,1098,"error: invalid date ""24/12/2017""",6 Buhler Parkway
Horst,Clay,62258609279,B,RH+,1710,"error: invalid date ""24/12/2017""",62595 Sunbrook Park
Nancy,Wingatt,92246191945,A,RH+,1411,"error: invalid date ""24/12/2017""",00532 4th Hill
Bobby,Parlott,86015795549,B,RH-,1993,"error: invalid date ""24/12/2017""",3798 Stuart Avenue
Duke,Ethersey,73231667191,AB,RH-,1456,"error: invalid date ""24/12/2017""",163 Fordem Pass
Roma,Lazenby,17804390920,AB,RH+,1244,"error: invalid date ""24/12/2017""",949 Pepper Wood Way
Josefina,Ovenden,17789564442,AB,RH+,1115,"error: invalid date ""24/12/2017""",6503 Coolidge Point
Cart,Seath,65395880215,AB,RH+,1085,"error: invalid date ""24/12/2017""",229 Messerschmidt Way
Prentice,Briggdale,45581959029,0,RH-,1256,"error: invalid date ""24/12/2017""",31800 Crowley Court
Wald,Fortye,20653871639,AB,RH+,1239,"error: invalid date ""24/12/2017""",0 Almo Place
Charity,Aston,20106562675,0,RH-,1292,"error: invalid date ""24/12/2017""",9 Porter Parkway
Chrysa,Weinberg,90176206476,B,RH+,1859,"error: invalid date ""24/12/2017""",6 Park Meadow Point
Tiphany,Castagne,42560273466,0,RH-,1332,"error: invalid date ""24/12/2017""",709 7th Circle
Alasteir,Suscens,34057764256,AB,RH-,1353,"error: invalid date ""24/12/2017""",943 Chinook Avenue
Marybelle,Desorts,78395536914,B,RH-,1417,"error: invalid date ""24/12/2017""",9 Banding Crossing
Hilton,Gorusso,26624234597,B,RH-,1429,"error: invalid date ""24/12/2017""",08628 Eliot Circle
Abe,Gumey,50567450450,0,RH-,1722,"error: invalid date ""24/12/2017""",70 Oak Valley Plaza
Marti,Digan,78615901980,AB,RH+,1058,"error: invalid date ""24/12/2017""",301 Manufacturers Court
Che,Tollmache,53574711682,AB,RH+,1947,"error: invalid date ""24/12/2017""",969 Karstens Alley
Kare,Drakeford,56833746841,A,RH-,1512,"error: invalid date ""24/12/2017""",496 Hauk Terrace
Cori,Hassewell,33810222113,AB,RH+,1744,"error: invalid date ""24/12/2017""",358 Cottonwood Alley
Ashley,Verny,04661930168,AB,RH-,1186,"error: invalid date ""24/12/2017""",64548 Hintze Way
Nicol,Philippault,39593501675,B,RH+,1546,"error: invalid date ""24/12/2017""",7 Maple Wood Hill
Charis,Leggin,75804931845,AB,RH-,1340,"error: invalid date ""24/12/2017""",26 Utah Lane
Hobie,O'Donnelly,63482718380,AB,RH+,1906,"error: invalid date ""24/12/2017""",295 Porter Lane
Annie,Windeatt,15228227808,AB,RH+,1772,"error: invalid date ""24/12/2017""",0 Delaware Drive
Kalle,Scotford,59734365061,AB,RH-,1152,"error: invalid date ""24/12/2017""",6364 Del Sol Junction
Patric,Moth,00336682150,AB,RH-,1767,"error: invalid date ""24/12/2017""",552 Thompson Avenue
Tye,Keelinge,92317150210,A,RH+,1784,"error: invalid date ""24/12/2017""",2 Hoffman Street
Salvatore,Waldrum,60106046694,AB,RH+,1182,"error: invalid date ""24/12/2017""",489 Hermina Drive
Bernardine,Gumm,01039659817,B,RH+,1100,"error: invalid date ""24/12/2017""",6761 Jackson Court
Britta,McMyler,15516723426,0,RH+,1007,"error: invalid date ""24/12/2017""",6 Melby Center
Avril,Vaune,78948251185,AB,RH-,1258,"error: invalid date ""24/12/2017""",68302 Park Meadow Center
Mac,Bromige,81325902995,B,RH-,1455,"error: invalid date ""24/12/2017""",493 Lien Terrace
Harlie,Gawne,88189252753,AB,RH+,1556,"error: invalid date ""24/12/2017""",26651 Spaight Point
Rebe,Peete,54144529323,0,RH+,1331,"error: invalid date ""24/12/2017""",9 Kenwood Trail
Salli,Cone,65003647508,AB,RH+,1278,"error: invalid date ""24/12/2017""",99 Longview Parkway
Emlyn,Spadoni,66597983185,B,RH-,1291,"error: invalid date ""24/12/2017""",67597 Florence Avenue
Arline,Seater,74726118916,AB,RH-,1728,"error: invalid date ""24/12/2017""",69270 Monterey Plaza
Myrna,Bamlett,08769822101,0,RH-,1610,"error: invalid date ""24/12/2017""",6049 Rutledge Terrace
Bing,McKeurtan,16930673909,AB,RH-,1110,"error: invalid date ""24/12/2017""",046 Bunker Hill Street
Aylmar,Prestwich,85627286815,0,RH-,1042,"error: invalid date ""24/12/2017""",40 Cordelia Place
Creight,Ghelardoni,44784493993,AB,RH-,1194,"error: invalid date ""24/12/2017""",028 Merry Center
Malia,Mudie,26276082437,A,RH-,1869,"error: invalid date ""24/12/2017""",33 Meadow Valley Hill
Violet,Ryding,15578639517,AB,RH+,1933,"error: invalid date ""24/12/2017""",831 Stoughton Place
Thor,Grunson,57427729627,AB,RH-,1064,"error: invalid date ""24/12/2017""",61 Nelson Crossing
Roanne,Klaassens,06571000199,0,RH-,1633,"error: invalid date ""24/12/2017""",25 Westport Center
Odetta,Mumbeson,68492213699,AB,RH-,1783,"error: invalid date ""24/12/2017""",40 Scoville Street
Briggs,Widd,25105426112,AB,RH-,1984,"error: invalid date ""24/12/2017""",35 Elka Park
Angelique,Halden,11367825175,B,RH-,1499,"error: invalid date ""24/12/2017""",0 Anniversary Street
Hattie,Kemell,74308289374,AB,RH-,1041,"error: invalid date ""24/12/2017""",31 Raven Road
Korrie,Tyrie,45648049922,A,RH+,1170,"error: invalid date ""24/12/2017""",70 Grover Court
Lemmie,Eborall,04355989597,AB,RH-,1042,"error: invalid date ""24/12/2017""",86 Redwing Alley
Zach,Corbishley,63610090772,AB,RH-,1077,"error: invalid date ""24/12/2017""",56 Waxwing Park
Elfie,Spary,15946535364,0,RH+,1780,"error: invalid date ""24/12/2017""",61921 Lakeland Plaza
Shirleen,Espinay,11608276013,AB,RH-,1335,"error: invalid date ""24/12/2017""",2 Duke Parkway
Phaidra,Schlagtmans,56166926611,AB,RH+,1117,"error: invalid date ""24/12/2017""",63 Delaware Avenue
Whitney,Proudlove,76554446852,AB,RH+,1046,"error: invalid date ""24/12/2017""",29123 Schurz Lane
Reuven,Cottham,99384225995,AB,RH+,1008,"error: invalid date ""24/12/2017""",67 Marquette Avenue
Leonerd,Gullyes,28736106637,AB,RH-,1214,"error: invalid date ""24/12/2017""",2432 Rigney Center
Marlin,Blowfelde,20003828139,AB,RH-,1797,"error: invalid date ""24/12/2017""",6293 Banding Park
Carlynne,Folonin,61539978655,AB,RH-,1356,"error: invalid date ""24/12/2017""",27381 Novick Junction
Sheilakathryn,Greenmon,91167348257,0,RH+,1961,"error: invalid date ""24/12/2017""",8 Katie Place
Cody,Pearson,77748119386,AB,RH-,1827,"error: invalid date ""24/12/2017""",93586 Colorado Lane
Matthaeus,Allkins,58496854385,AB,RH+,1136,"error: invalid date ""24/12/2017""",37870 Mesta Crossing
Brit,Beefon,18161895556,AB,RH-,1720,"error: invalid date ""24/12/2017""",9 Lakewood Gardens Circle
Marlin,Larham,33680645464,AB,RH+,1146,"error: invalid date ""24/12/2017""",86020 Namekagon Center
Raychel,McFade,14431214978,0,RH-,1349,"error: invalid date ""24/12/2017""",6 Summerview Hill
Jamie,Addenbrooke,08668823524,B,RH+,1081,"error: invalid date ""24/12/2017""",814 Dahle Place
Pate,Lowrance,34917849619,AB,RH+,1102,"error: invalid date ""24/12/2017""",60 Arizona Center
Keene,Spiller,45041300882,B,RH+,1617,"error: invalid date ""24/12/2017""",50768 Carioca Crossing
Joelie,Rudledge,41340974511,AB,RH-,1107,"error: invalid date ""24/12/2017""",89 Grover Plaza
Roy,Beek,60361731771,0,RH+,1987,"error: invalid date ""24/12/2017""",5424 Hollow Ridge Center
Hedy,Yonnie,38713357501,0,RH+,1631,"error: invalid date ""24/12/2017""",019 Londonderry Trail
Vin,Kendrick,16700981863,A,RH+,1120,"error: invalid date ""24/12/2017""",19 Homewood Point
Barron,Hubbis,00234710072,AB,RH+,1592,"error: invalid date ""24/12/2017""",78 Schurz Park
Morgan,Lince,19037445752,A,RH-,1700,"error: invalid date ""24/12/2017""",9433 Arizona Pass
Minta,Bumphrey,20260403124,AB,RH+,1406,"error: invalid date ""24/12/2017""",47 Bowman Way
Myra,Bittlestone,26733996382,AB,RH+,1296,"error: invalid date ""24/12/2017""",04323 Stuart Terrace
Jordanna,Lintot,53564546032,AB,RH+,1726,"error: invalid date ""24/12/2017""",7 Caliangt Crossing
Morly,Birtwisle,40656249914,AB,RH-,1803,"error: invalid date ""24/12/2017""",2842 Prairieview Junction
Florina,Klemensiewicz,01789905659,AB,RH+,1302,"error: invalid date ""24/12/2017""",6354 Magdeline Circle
Julita,Sugden,96196193286,A,RH-,1242,"error: invalid date ""24/12/2017""",7262 Swallow Point
Nevin,Krolman,77768082613,AB,RH+,1290,"error: invalid date ""24/12/2017""",49 Maryland Place
Salmon,Nickerson,93780961890,AB,RH-,1232,"error: invalid date ""24/12/2017""",65 Norway Maple Way
Fayette,Howels,81454768008,A,RH+,1958,"error: invalid date ""24/12/2017""",84665 Carey Alley
Freemon,McNeely,34113998551,B,RH-,1534,"error: invalid date ""24/12/2017""",353 Pond Road
Ethelda,Hartford,16545258880,B,RH-,1070,"error: invalid date ""24/12/2017""",6357 Stuart Point
Bobbie,Ouldred,82163545307,AB,RH+,1423,"error: invalid date ""24/12/2017""",9 Atwood Junction
Rosco,Pitney,47603784208,AB,RH-,1333,"error: invalid date ""24/12/2017""",148 Oak Terrace
Rozalie,Di Giorgio,29119115043,A,RH-,1896,"error: invalid date ""24/12/2017""",01 Thackeray Crossing
Briny,Preto,12464864284,B,RH+,1305,"error: invalid date ""24/12/2017""",31 Buena Vista Street
Torr,Bernadon,34167445563,0,RH+,1240,"error: invalid date ""24/12/2017""",68071 1st Place
Edie,Oldroyd,12901627326,B,RH+,1180,"error: invalid date ""24/12/2017""",6226 Mockingbird Court
Winston,Frid,75864060855,A,RH-,1345,"error: invalid date ""24/12/2017""",880 Towne Street
Almira,Attwell,79357881795,0,RH-,1272,"error: invalid date ""24/12/2017""",1 Chive Alley
Nealson,McDermott-Row,53756374555,AB,RH+,1765,"error: invalid date ""24/12/2017""",221 Helena Avenue
Willi,Friett,84636261234,B,RH+,1932,"error: invalid date ""24/12/2017""",76 Commercial Alley
Effie,Skews,43856145745,AB,RH+,1178,"error: invalid date ""24/12/2017""",06 Golf Trail
Yance,Arnaud,94466209583,AB,RH+,1765,"error: invalid date ""24/12/2017""",6461 Lakewood Alley
Keven,Farron,37561480365,AB,RH-,1610,"error: invalid date ""24/12/2017""",18099 Park Meadow Lane
Tabbie,Seery,52359604684,B,RH-,1723,"error: invalid date ""24/12/2017""",24898 Annamark Terrace
Maximo,Missington,48337042118,B,RH-,1021,"error: invalid date ""24/12/2017""",76339 Huxley Court
Deina,Eltune,81567798288,B,RH-,1371,"error: invalid date ""24/12/2017""",0 Vernon Lane
Sada,Kinningley,30930639516,AB,RH+,1022,"error: invalid date ""24/12/2017""",49601 Mandrake Trail
Fey,Glynn,76956410775,AB,RH-,1303,"error: invalid date ""24/12/2017""",05902 Manufacturers Pass
Kassandra,Gold,21544949847,A,RH+,1403,"error: invalid date ""24/12/2017""",879 Sachtjen Junction
Liesa,Steward,84734539425,A,RH-,1067,"error: invalid date ""24/12/2017""",7231 Main Circle
Jacquelin,Pollington,99971068715,B,RH-,1199,"error: invalid date ""24/12/2017""",3411 Lindbergh Street
Marylou,Ritzman,05929086932,B,RH+,1462,"error: invalid date ""24/12/2017""",83 Thackeray Hill
Briggs,Darington,35225673023,AB,RH-,1478,"error: invalid date ""24/12/2017""",65415 Namekagon Point
Elsbeth,Torrance,53103601631,AB,RH+,1639,"error: invalid date ""24/12/2017""",2964 Corscot Avenue
Merrile,Bilston,60860196223,AB,RH+,1482,"error: invalid date ""24/12/2017""",736 Crescent Oaks Road
Adel,Noore,96107590827,B,RH-,1239,"error: invalid date ""24/12/2017""",60701 6th Way
Fania,Broadstock,30563386381,AB,RH+,1318,"error: invalid date ""24/12/2017""",40291 Kensington Court
Leonelle,Helleker,41026450930,AB,RH+,1330,"error: invalid date ""24/12/2017""",631 New Castle Avenue
Consolata,Livingstone,50097504128,AB,RH-,1949,"error: invalid date ""24/12/2017""",0 Coolidge Avenue
Jeanie,Von Gladbach,48138494343,AB,RH+,1530,"error: invalid date ""24/12/2017""",4598 Holy Cross Parkway
Katrine,Theobold,82592504087,AB,RH-,1560,"error: invalid date ""24/12/2017""",54541 Calypso Parkway
Marrissa,Gietz,77699747344,AB,RH+,1276,"error: invalid date ""24/12/2017""",141 Straubel Drive
Waneta,Wressell,87051295561,AB,RH-,1976,"error: invalid date ""24/12/2017""",87942 Talisman Circle
Alick,Huskinson,36345214318,A,RH-,1212,"error: invalid date ""24/12/2017""",1 Scoville Parkway
Bryce,Kearford,57114219680,AB,RH-,1275,"error: invalid date ""24/12/2017""",636 Sherman Alley
Tallie,Moodey,76882748747,B,RH+,1276,"error: invalid date ""24/12/2017""",72 Waxwing Street
Saxon,Pitrelli,74287338527,B,RH-,1214,"error: invalid date ""24/12/2017""",583 Walton Alley
Janetta,Greene,84535749444,B,RH-,1472,"error: invalid date ""24/12/2017""",33406 Tomscot Avenue
Guglielma,Jowitt,15365016116,B,RH-,1127,"error: invalid date ""24/12/2017""",613 Troy Lane
Cesare,Cluse,81314991978,AB,RH+,1009,"error: invalid date ""24/12/2017""",016 Ohio Way
Ignacio,Surguine,48237979687,AB,RH-,1319,"error: invalid date ""24/12/2017""",1 Parkside Pass
Melloney,Ure,73490836578,AB,RH-,1915,"error: invalid date ""24/12/2017""",06017 Logan Street
Eleni,Kerin,20584426816,B,RH+,1380,"error: invalid date ""24/12/2017""",453 Cambridge Circle
Grantham,Comelini,03364588027,0,RH+,1605,"error: invalid date ""24/12/2017""",17648 Birchwood Point
Jerome,Wonham,15325213114,AB,RH-,1764,"error: invalid date ""24/12/2017""",41 Springs Avenue
Jewell,Pierce,76112646916,AB,RH-,1658,"error: invalid date ""24/12/2017""",95446 Crowley Park
Reece,Ballentime,86232183155,AB,RH+,1636,"error: invalid date ""24/12/2017""",607 Brown Pass
Rici,MacAne,36529653711,AB,RH-,1009,"error: invalid date ""24/12/2017""",19 Texas Alley
Avrit,Kynd,69927334602,AB,RH-,1543,"error: invalid date ""24/12/2017""",68 Pierstorff Lane
Anissa,Dumbleton,40250198569,B,RH-,1261,"error: invalid date ""24/12/2017""",164 Miller Crossing
Rayshell,Finey,23141821633,AB,RH+,1294,"error: invalid date ""24/12/2017""",7 Lindbergh Alley
Tedra,Reidie,31383982722,AB,RH+,1367,"error: invalid date ""24/12/2017""",5873 Debs Trail
Lilly,Rubinsohn,32185025815,AB,RH+,1226,"error: invalid date ""24/12/2017""",0 Arapahoe Street
Talya,Lefever,02671875428,AB,RH-,1248,"error: invalid date ""24/12/2017""",47 Thackeray Junction
Gregory,Kovacs,22834699853,B,RH+,1045,"error: invalid date ""24/12/2017""",6 David Parkway
Roderigo,Sibray,28919038816,AB,RH-,1674,"error: invalid date ""24/12/2017""",8767 Arizona Park
Carney,Pirie,44208067280,0,RH+,1516,"error: invalid date ""24/12/2017""",42 Sycamore Circle
Filberto,Greenhalgh,75741823728,AB,RH-,1226,"error: invalid date ""24/12/2017""",46741 Hazelcrest Place
Des,Duddy,75902217351,AB,RH+,1464,"error: invalid date ""24/12/2017""",186 Oakridge Junction
Bobinette,Lantiff,04777421372,A,RH-,1661,"error: invalid date ""24/12/2017""",5374 7th Alley
Madelle,Fuggles,31265456148,AB,RH-,1204,"error: invalid date ""24/12/2017""",0845 Straubel Parkway
Carlie,Whyborne,53134965989,B,RH-,1059,"error: invalid date ""24/12/2017""",27412 Glendale Trail
Cad,Hekkert,48863688094,B,RH-,1192,"error: invalid date ""24/12/2017""",2 Parkside Circle
Orv,Ginni,76694734696,AB,RH-,1215,"error: invalid date ""24/12/2017""",8 Loftsgordon Pass
Susanetta,Ratie,73713321220,B,RH-,1184,"error: invalid date ""24/12/2017""",6678 Badeau Hill
Dorice,McGarvie,29214991366,B,RH-,1641,"error: invalid date ""24/12/2017""",5748 Sugar Alley
Wylie,Griffith,36306456275,B,RH+,1462,"error: invalid date ""24/12/2017""",09 Harper Place
Andreas,O'Sesnane,41916688011,B,RH-,1679,"error: invalid date ""24/12/2017""",4 Stang Terrace
Sullivan,Dinwoodie,93380986745,AB,RH-,1968,"error: invalid date ""24/12/2017""",54615 Springview Road
Lucinda,Spencock,55810497262,AB,RH-,1083,"error: invalid date ""24/12/2017""",3 Hoffman Circle
Waneta,Beernaert,60817350124,AB,RH+,1803,"error: invalid date ""24/12/2017""",9933 Springs Terrace
Giana,Vidgen,68469372769,B,RH-,1127,"error: invalid date ""24/12/2017""",65668 Kropf Circle
Marena,Tourne,29124166995,AB,RH-,1446,"error: invalid date ""24/12/2017""",86 Shopko Trail
Montague,Belhomme,67445591458,AB,RH-,1000,"error: invalid date ""24/12/2017""",9278 Doe Crossing Place
Guglielma,Broughton,81065369330,0,RH+,1958,"error: invalid date ""24/12/2017""",5513 Arizona Park
Riane,O'Doireidh,27027239293,0,RH+,1863,"error: invalid date ""24/12/2017""",66912 Mayfield Way
Sherri,Wyldish,75602797032,A,RH+,1628,"error: invalid date ""24/12/2017""",691 Novick Pass
Orsa,Rubroe,26537557382,A,RH+,1317,"error: invalid date ""24/12/2017""",2094 Mcbride Pass
Hallie,Frankham,58511885798,AB,RH+,1238,"error: invalid date ""24/12/2017""",09084 Cascade Lane
Guglielmo,Juhruke,84173066125,B,RH+,1126,"error: invalid date ""24/12/2017""",50803 Ridge Oak Court
Cornelius,Hanselmann,32437660249,B,RH-,1834,"error: invalid date ""24/12/2017""",6578 Aberg Center
Gus,Corstorphine,55645481532,AB,RH+,1099,"error: invalid date ""24/12/2017""",941 Sage Lane
Danit,Searchfield,21770968955,0,RH-,1094,"error: invalid date ""24/12/2017""",42 Holmberg Junction
Sabina,Whitlaw,38066771643,A,RH-,1416,"error: invalid date ""24/12/2017""",9997 Browning Drive
Bentlee,Josiah,32179912335,0,RH+,1546,"error: invalid date ""24/12/2017""",5954 Spaight Drive
Allard,Storek,50688494559,AB,RH-,1493,"error: invalid date ""24/12/2017""",9999 Sunnyside Lane
Muire,Rycraft,53975200301,B,RH-,1033,"error: invalid date ""24/12/2017""",3178 Lakeland Court
Brodie,Queyos,75254395463,AB,RH-,1623,"error: invalid date ""24/12/2017""",332 Commercial Crossing
Ward,Burling,18427834715,B,RH-,1316,"error: invalid date ""24/12/2017""",5212 Loomis Center
Kalie,Astbury,40173631764,0,RH+,1962,"error: invalid date ""24/12/2017""",39430 Pine View Place
Candis,Swenson,30192732263,AB,RH-,1773,"error: invalid date ""24/12/2017""",2 Kipling Terrace
Joanna,Rexworthy,93815322534,B,RH-,1180,"error: invalid date ""24/12/2017""",4 Judy Point
Charlena,Brewer,39913178779,AB,RH+,1287,"error: invalid date ""24/12/2017""",2763 Golf Junction
Tiphani,Madrell,13130322076,AB,RH+,1834,"error: invalid date ""24/12/2017""",4 Sutherland Avenue
Addison,Maciejewski,25190941660,AB,RH-,1743,"error: invalid date ""24/12/2017""",7 Eastwood Plaza
Jaynell,Davidescu,25390239771,AB,RH-,1045,"error: invalid date ""24/12/2017""",12328 Lyons Plaza
Salli,Spieck,15018261049,0,RH-,1985,"error: invalid date ""24/12/2017""",82 Utah Parkway
Ruddie,Steddall,68375657542,B,RH-,1952,"error: invalid date ""24/12/2017""",9 Veith Junction
Elfreda,Kauffman,72994683795,AB,RH-,1095,"error: invalid date ""24/12/2017""",5002 John Wall Point
Collen,Tregust,24654720447,AB,RH-,1134,"error: invalid date ""24/12/2017""",09 Huxley Hill
Nonah,Louw,60927432360,AB,RH-,1980,"error: invalid date ""24/12/2017""",6655 Eliot Park
Sibel,Janjic,01401840312,A,RH-,1960,"error: invalid date ""24/12/2017""",2 High Crossing Park
Emiline,Eddleston,91396252807,0,RH+,1903,"error: invalid date ""24/12/2017""",2 Maryland Road
Layton,Suffe,64099166328,B,RH-,1958,"error: invalid date ""24/12/2017""",40 Annamark Park
Eberhard,Duhig,57149828710,B,RH-,1920,"error: invalid date ""24/12/2017""",60917 Charing Cross Avenue
Adler,Brion,00374909031,AB,RH+,1719,"error: invalid date ""24/12/2017""",0743 Summit Way
Jennee,Grigoriev,11497178506,A,RH+,1805,"error: invalid date ""24/12/2017""",1742 Logan Place
Britta,Reffe,30934426944,B,RH-,1524,"error: invalid date ""24/12/2017""",574 Blackbird Park
Gabi,Faulkner,66772730907,AB,RH+,1877,"error: invalid date ""24/12/2017""",68128 Village Hill
Marylinda,Brangan,63261402550,B,RH-,1728,"error: invalid date ""24/12/2017""",874 Meadow Valley Park
Jamima,Fenich,66370445878,AB,RH+,1456,"error: invalid date ""24/12/2017""",16 Homewood Drive
Aili,Rubenczyk,92105515691,AB,RH-,1449,"error: invalid date ""24/12/2017""",1 Amoth Center
Cissy,Middleditch,71569926299,A,RH+,1634,"error: invalid date ""24/12/2017""",332 Grasskamp Pass
Fredrika,Feldhammer,16737888681,AB,RH-,1002,"error: invalid date ""24/12/2017""",6 Anniversary Pass
Lyn,Chalcot,09606771426,AB,RH-,1950,"error: invalid date ""24/12/2017""",6 Haas Crossing
Brewer,Woller,89898159308,AB,RH-,1857,"error: invalid date ""24/12/2017""",4976 Lunder Road
Cary,Muldrew,49281427604,A,RH-,1850,"error: invalid date ""24/12/2017""",978 Spenser Place
Deborah,Coning,86931148208,0,RH-,1864,"error: invalid date ""24/12/2017""",8 Heffernan Trail
Meir,Boost,27608144683,B,RH+,1443,"error: invalid date ""24/12/2017""",16 Forest Run Circle
Sylvia,O'Hagerty,39196036023,AB,RH-,1013,"error: invalid date ""24/12/2017""",90753 Village Alley
Atalanta,Hance,46070569407,AB,RH-,1700,"error: invalid date ""24/12/2017""",66 Nevada Circle
Oswald,Jacqueme,94920085155,AB,RH-,1591,"error: invalid date ""24/12/2017""",36313 Doe Crossing Lane
Dori,Semrad,02847944031,B,RH+,1680,"error: invalid date ""24/12/2017""",68 Starling Pass
Jilleen,Luna,03140260767,B,RH-,1970,"error: invalid date ""24/12/2017""",7219 Iowa Drive
Karl,Aicheson,88522127907,B,RH+,1019,"error: invalid date ""24/12/2017""",5 Spenser Point
Wang,Hazart,63562855975,AB,RH+,1761,"error: invalid date ""24/12/2017""",75552 Summer Ridge Park
Eddi,Leftley,56560507602,AB,RH-,1549,"error: invalid date ""24/12/2017""",22925 Buena Vista Alley
Bridget,Cann,96119269106,0,RH+,1463,"error: invalid date ""24/12/2017""",1 Clarendon Way
Ferdinanda,Barkly,26672373859,AB,RH-,1055,"error: invalid date ""24/12/2017""",407 Kenwood Crossing
Jeromy,Getch,70711507436,AB,RH+,1475,"error: invalid date ""24/12/2017""",3963 Hooker Court
Carley,Spilstead,80642813898,0,RH-,1363,"error: invalid date ""24/12/2017""",6 Everett Road
Zach,Picker,85578775687,0,RH+,1697,"error: invalid date ""24/12/2017""",36546 Northfield Crossing
Dennis,Rolfe,16830518382,AB,RH+,1108,"error: invalid date ""24/12/2017""",5992 Eliot Way
Kelci,Rhodes,40432904802,B,RH-,1733,"error: invalid date ""24/12/2017""",7 Melrose Alley
Britney,Skeemor,10139784541,0,RH+,1995,"error: invalid date ""24/12/2017""",694 Sycamore Trail
Mil,Sharple,19445010927,0,RH+,1915,"error: invalid date ""24/12/2017""",11863 Kipling Court
Dedra,Sends,30701598752,AB,RH+,1342,"error: invalid date ""24/12/2017""",91252 Hollow Ridge Parkway
Jeffie,Vennings,71469005437,AB,RH-,1647,"error: invalid date ""24/12/2017""",7 Dayton Junction
Alyosha,Bambrugh,81869056433,AB,RH-,1325,"error: invalid date ""24/12/2017""",36347 Stone Corner Crossing
Wade,Braidon,59363965940,B,RH+,1517,"error: invalid date ""24/12/2017""",27 Hanover Park
Jehu,Proven,28063671422,A,RH+,1536,"error: invalid date ""24/12/2017""",376 Blue Bill Park Junction
Dale,Wolvey,65164669654,AB,RH-,1930,"error: invalid date ""24/12/2017""",72787 American Ash Court
Euphemia,Bog,34687845728,B,RH-,1160,"error: invalid date ""24/12/2017""",3 Comanche Circle
Elayne,Tolliday,84864717320,B,RH-,1837,"error: invalid date ""24/12/2017""",1641 Forest Avenue
Bobinette,Ruthven,92560953994,AB,RH-,1007,"error: invalid date ""24/12/2017""",8 Hovde Circle
Dallis,Bedford,81129406248,B,RH-,1050,"error: invalid date ""24/12/2017""",75 Sullivan Point
Ellary,Randals,10678124334,0,RH+,1000,"error: invalid date ""24/12/2017""",6 Cascade Crossing
Ignazio,Beacock,31033256292,B,RH-,1480,"error: invalid date ""24/12/2017""",1 Ramsey Parkway
Ryan,Spaxman,65549845305,AB,RH+,1411,"error: invalid date ""24/12/2017""",20 Farwell Crossing
Linnea,McLay,93723645392,AB,RH-,1056,"error: invalid date ""24/12/2017""",5984 Rigney Crossing
Albrecht,Labadini,49442171460,B,RH-,1903,"error: invalid date ""24/12/2017""",20159 Springview Terrace
Marietta,Atwood,68254811328,AB,RH+,1464,"error: invalid date ""24/12/2017""",15874 Grim Terrace
Krishnah,Wile,68576510955,A,RH+,1627,"error: invalid date ""24/12/2017""",50449 Lakewood Gardens Hill
Son,Bartoletti,19018739905,A,RH+,1734,"error: invalid date ""24/12/2017""",9 Scoville Trail
Parsifal,Goskar,61661114735,AB,RH+,1024,"error: invalid date ""24/12/2017""",1 Clove Parkway
Nelie,Pedlingham,76055894677,0,RH-,1507,"error: invalid date ""24/12/2017""",33037 Hooker Avenue
Felicdad,Dolman,22096917357,AB,RH+,1514,"error: invalid date ""24/12/2017""",19444 Mifflin Center
Ralph,Oliffe,65085094799,AB,RH+,1192,"error: invalid date ""24/12/2017""",3 Anthes Lane
Nananne,Sneller,83167244710,AB,RH-,1453,"error: invalid date ""24/12/2017""",39189 John Wall Way
Adrianna,Teulier,77355089147,AB,RH-,1135,"error: invalid date ""24/12/2017""",58 Mallory Court
Christian,Mazey,18537940160,A,RH-,1419,"error: invalid date ""24/12/2017""",879 Hoffman Trail
Johnathan,Harsum,53961516134,B,RH+,1932,"error: invalid date ""24/12/2017""",78 La Follette Lane
Cristionna,Kilvington,16503644531,AB,RH+,1587,"error: invalid date ""24/12/2017""",9 Ilene Avenue
Shaine,Kiffe,74047216136,0,RH-,1606,"error: invalid date ""24/12/2017""",0215 Haas Junction
Carolynn,Pellamont,11856736992,0,RH-,1659,"error: invalid date ""24/12/2017""",6 Loomis Avenue
Gaultiero,Bebbington,14001894322,B,RH-,1497,"error: invalid date ""24/12/2017""",7790 Vahlen Way
Lucilia,McIlraith,43278419637,0,RH-,1532,"error: invalid date ""24/12/2017""",196 Jenifer Circle
Haleigh,Jalland,27011780714,B,RH+,1772,"error: invalid date ""24/12/2017""",1840 Golf View Hill
Leona,Jumel,49857663204,B,RH-,1334,"error: invalid date ""24/12/2017""",62 8th Road
Kalindi,Beaten,27711950642,B,RH-,1294,"error: invalid date ""24/12/2017""",7599 Darwin Center
Daniella,Gartland,83016982939,AB,RH-,1919,"error: invalid date ""24/12/2017""",37687 Mendota Drive
Egbert,Ganley,15056774666,AB,RH-,1945,"error: invalid date ""24/12/2017""",07 Holy Cross Junction
Kaitlin,Oehme,10480922213,B,RH+,1531,"error: invalid date ""24/12/2017""",68 Bluejay Park
Biddy,Raffin,35747044370,B,RH+,1499,"error: invalid date ""24/12/2017""",65 Shopko Park
Danit,Langelaan,99811184553,A,RH-,1135,"error: invalid date ""24/12/2017""",46 New Castle Parkway
Cordula,Bowling,68362608588,AB,RH-,1175,"error: invalid date ""24/12/2017""",28298 Linden Way
Eleni,Oxenden,99095808176,0,RH+,1285,"error: invalid date ""24/12/2017""",6 Springview Plaza
Tamarra,Armatidge,33355106127,AB,RH+,1198,"error: invalid date ""24/12/2017""",116 Ramsey Crossing
Korie,Robardet,10142435977,AB,RH-,1479,"error: invalid date ""24/12/2017""",04324 Everett Trail
Eleonore,Enrich,39387165333,B,RH+,1329,"error: invalid date ""24/12/2017""",956 Mockingbird Lane
Jobye,Stolting,02944983348,A,RH-,1480,"error: invalid date ""24/12/2017""",04791 Beilfuss Trail
Ford,Harrill,94424773905,AB,RH+,1070,"error: invalid date ""24/12/2017""",16 Montana Point
Araldo,Attkins,53119848940,0,RH+,1256,"error: invalid date ""24/12/2017""",68312 Starling Center
Saleem,Warsap,43249344545,AB,RH+,1188,"error: invalid date ""24/12/2017""",5 Sachs Avenue
Geoffry,Skelbeck,55862753890,AB,RH+,1788,"error: invalid date ""24/12/2017""",805 Spaight Parkway
Betta,Pococke,71233120826,AB,RH-,1623,"error: invalid date ""24/12/2017""",195 Bunting Center
Keen,Bucky,88729624729,0,RH+,1005,"error: invalid date ""24/12/2017""",91954 Dayton Trail
Valera,Fuentez,23670722739,AB,RH+,1083,"error: invalid date ""24/12/2017""",221 Orin Circle
Clayson,Mewett,27509426885,AB,RH+,1514,"error: invalid date ""24/12/2017""",86 Pepper Wood Plaza
Carry,Wildt,94589320337,B,RH-,1089,"error: invalid date ""24/12/2017""",9 Carey Point
Mischa,Howis,36126872419,B,RH+,1960,"error: invalid date ""24/12/2017""",943 Rockefeller Alley
Mireille,Aysh,69848509007,0,RH-,1134,"error: invalid date ""24/12/2017""",65 Gateway Hill
Izaak,Elmar,91184435528,AB,RH+,1741,"error: invalid date ""24/12/2017""",22965 Cambridge Junction
Nike,Skeemer,74568346559,AB,RH+,1412,"error: invalid date ""24/12/2017""",5716 Vahlen Road
Yolanda,Cowan,64945128488,AB,RH+,1467,"error: invalid date ""24/12/2017""",6159 Gateway Trail
Amalia,Rainforth,46702071530,0,RH+,1978,"error: invalid date ""24/12/2017""",79 Florence Way
Rosabel,Proctor,35572605277,AB,RH+,1481,"error: invalid date ""24/12/2017""",6221 Monterey Park
Hildagarde,Elster,56156821753,AB,RH+,1387,"error: invalid date ""24/12/2017""",90838 Longview Pass
Cortie,Diggar,05727903171,AB,RH+,1080,"error: invalid date ""24/12/2017""",40 Mayer Circle
Dosi,Tourne,80059189315,AB,RH-,1846,"error: invalid date ""24/12/2017""",5 Loftsgordon Road
Esteban,Charrett,79609289178,AB,RH-,1972,"error: invalid date ""24/12/2017""",0 Goodland Lane
Jennine,Zaczek,64650110685,AB,RH+,1826,"error: invalid date ""24/12/2017""",512 Hoard Court
Trixie,Sipson,15297581565,AB,RH-,1594,"error: invalid date ""24/12/2017""",515 Cherokee Road
Gamaliel,Reed,36478648956,B,RH-,1886,"error: invalid date ""24/12/2017""",6728 Fairfield Terrace
Mattie,Duffet,59658946769,B,RH-,1706,"error: invalid date ""24/12/2017""",0205 Montana Court
Freemon,Knewstub,41738039522,B,RH+,1959,"error: invalid date ""24/12/2017""",6 Atwood Crossing
Bryna,Kamena,33027623458,AB,RH+,1133,"error: invalid date ""24/12/2017""",0474 Kennedy Street
Adam,Giacobbo,17805349732,A,RH-,1067,"error: invalid date ""24/12/2017""",861 Kipling Avenue
Randee,Goodhall,65565662005,AB,RH-,1005,"error: invalid date ""24/12/2017""",559 Autumn Leaf Place
Jeramie,Escoffrey,54245432722,B,RH+,1672,"error: invalid date ""24/12/2017""",0 Colorado Way
Jany,Gladtbach,69430092746,0,RH-,1064,"error: invalid date ""24/12/2017""",41 Hayes Junction
Vikki,Robel,06344790411,B,RH-,2000,"error: invalid date ""24/12/2017""",5428 Sunnyside Junction
Neron,Antonikov,02154912128,B,RH+,1066,"error: invalid date ""24/12/2017""",9575 Melby Road
Hyacinthia,Hammel,66219951904,AB,RH-,1078,"error: invalid date ""24/12/2017""",39047 Morrow Pass
Lyda,Amorts,03245204838,0,RH+,1939,"error: invalid date ""24/12/2017""",15 Summer Ridge Crossing
Lewie,Jindrak,93621854807,A,RH+,1496,"error: invalid date ""24/12/2017""",676 Golden Leaf Place
Dunstan,Darridon,39485326967,AB,RH-,1134,"error: invalid date ""24/12/2017""",3133 Amoth Center
Werner,Warrell,14429441128,B,RH-,1185,"error: invalid date ""24/12/2017""",38 Mccormick Avenue
Floyd,Derell,14375643702,AB,RH+,1280,"error: invalid date ""24/12/2017""",42 Ridge Oak Circle
Abram,Le Prevost,40907873727,B,RH+,1883,"error: invalid date ""24/12/2017""",52 Hoard Road
Normie,Mate,91688379985,AB,RH+,1482,"error: invalid date ""24/12/2017""",19902 Londonderry Plaza
Joline,Garmons,61768748017,A,RH+,1534,"error: invalid date ""24/12/2017""",73 Pankratz Park
Buffy,Harmes,09974929602,AB,RH-,1356,"error: invalid date ""24/12/2017""",3 Anniversary Court
Delila,Rainsdon,95919445325,AB,RH-,1402,"error: invalid date ""24/12/2017""",36654 American Park
Wilt,Cromarty,32316067849,B,RH-,1836,"error: invalid date ""24/12/2017""",18808 Mendota Court
Jinny,Kenward,43850513388,0,RH+,1942,"error: invalid date ""24/12/2017""",3 Ilene Terrace
Gavin,Sisson,85192318957,0,RH-,1680,"error: invalid date ""24/12/2017""",7 Canary Place
Wayland,Gammon,06811222939,A,RH-,1043,"error: invalid date ""24/12/2017""",098 Dawn Drive
Fabio,Markos,00619283141,A,RH+,1887,"error: invalid date ""24/12/2017""",8929 Westerfield Plaza
Seward,Howsan,35225905015,AB,RH+,1008,"error: invalid date ""24/12/2017""",3375 Sachtjen Parkway
Barron,Gunderson,92492704999,0,RH+,1481,"error: invalid date ""24/12/2017""",4140 Fisk Street
Skip,Paton,30440975130,AB,RH-,1819,"error: invalid date ""24/12/2017""",83425 Charing Cross Road
Leonid,Selley,08116949372,B,RH+,1954,"error: invalid date ""24/12/2017""",5 Pepper Wood Circle
Donielle,Legrave,61233585053,B,RH-,1507,"error: invalid date ""24/12/2017""",28 Grasskamp Parkway
Emmery,Layborn,68265752609,B,RH+,1280,"error: invalid date ""24/12/2017""",242 Stang Parkway
Bill,Britto,79916813743,0,RH-,1652,"error: invalid date ""24/12/2017""",06519 Forster Alley
Hedwig,Pirdy,68327206080,AB,RH+,1706,"error: invalid date ""24/12/2017""",040 Bashford Avenue
Bancroft,Coad,75772633156,AB,RH-,1289,"error: invalid date ""24/12/2017""",71487 Sachtjen Pass
Abbi,Kinastan,47475226286,B,RH-,1344,"error: invalid date ""24/12/2017""",5 Riverside Alley
Ody,Barde,99821842320,B,RH-,1179,"error: invalid date ""24/12/2017""",26494 Mccormick Parkway
Doretta,Heritege,70164639870,B,RH-,1754,"error: invalid date ""24/12/2017""",045 Ridge Oak Street
Flore,Fick,50176193473,AB,RH+,1773,"error: invalid date ""24/12/2017""",12123 Comanche Trail
Saxe,Cockrell,62890676495,A,RH+,1859,"error: invalid date ""24/12/2017""",2 Granby Way
Worth,Lubman,82250611652,B,RH+,1508,"error: invalid date ""24/12/2017""",030 Tennessee Alley
Neala,Marlor,21594356532,0,RH+,1651,"error: invalid date ""24/12/2017""",71 Duke Street
Eldon,MacLaren,99090609879,AB,RH+,1422,"error: invalid date ""24/12/2017""",3400 Prairie Rose Drive
Wendi,Bover,36889996726,AB,RH-,1684,"error: invalid date ""24/12/2017""",721 Elgar Drive
Martie,Kunneke,29401758491,A,RH+,1243,"error: invalid date ""24/12/2017""",14498 Schlimgen Alley
Angelica,Manicomb,65423404620,0,RH-,1967,"error: invalid date ""24/12/2017""",81 Crescent Oaks Center
Templeton,Winship,88803281069,B,RH-,1073,"error: invalid date ""24/12/2017""",47 Paget Lane
Angel,Portriss,80994065860,AB,RH+,1833,"error: invalid date ""24/12/2017""",89 Bunting Parkway
Edan,Hannaway,18789164134,AB,RH+,1084,"error: invalid date ""24/12/2017""",2008 Drewry Junction
Carmina,Dikles,53281557936,AB,RH+,1676,"error: invalid date ""24/12/2017""",66 Aberg Circle
Artemus,Itzig,52065162943,B,RH+,1236,"error: invalid date ""24/12/2017""",93242 Farwell Crossing
Sapphira,Hails,48319653559,AB,RH+,1322,"error: invalid date ""24/12/2017""",73896 Crownhardt Circle
Rubina,Poulett,77734582121,AB,RH+,1579,"error: invalid date ""24/12/2017""",5 Bunker Hill Way
Elvyn,Robrow,32976006606,0,RH-,1204,"error: invalid date ""24/12/2017""",0538 Donald Terrace
Karney,Markwick,02798697629,B,RH-,1457,"error: invalid date ""24/12/2017""",03856 Valley Edge Trail
Salmon,Pautard,96435457402,B,RH-,1013,"error: invalid date ""24/12/2017""",900 Merrick Parkway
Theodosia,Gaiter,22568050424,AB,RH+,1191,"error: invalid date ""24/12/2017""",59 8th Street
Joye,Wedlake,57229473896,AB,RH-,1621,"error: invalid date ""24/12/2017""",96612 Lukken Park
Evyn,Tenbrug,52778461298,B,RH-,1423,"error: invalid date ""24/12/2017""",17955 Bayside Circle
Fabiano,Cejka,76212266493,AB,RH+,1099,"error: invalid date ""24/12/2017""",246 Hagan Drive
Verne,Marchelli,75987545837,B,RH-,1414,"error: invalid date ""24/12/2017""",72 Delaware Center
Garold,Trimby,51370757047,AB,RH+,1259,"error: invalid date ""24/12/2017""",565 Lakewood Gardens Place
Terrell,Guerrin,27251033197,B,RH-,1026,"error: invalid date ""24/12/2017""",7 Fairfield Lane
Zuzana,Burt,42529996856,AB,RH+,1491,"error: invalid date ""24/12/2017""",7981 Brickson Park Court
Kimberly,Huc,27989305813,B,RH+,1320,"error: invalid date ""24/12/2017""",19 Utah Avenue
Yolande,Hessay,00562042414,B,RH+,1406,"error: invalid date ""24/12/2017""",211 Arrowood Street
Abbe,Puzey,18608204155,AB,RH+,1659,"error: invalid date ""24/12/2017""",082 Heath Terrace
Cooper,Ascrofte,37974735571,AB,RH+,1705,"error: invalid date ""24/12/2017""",60 Kings Trail
Orly,Killock,28518346947,AB,RH+,1565,"error: invalid date ""24/12/2017""",3 Dixon Pass
Dudley,Beilby,54607889161,AB,RH-,1061,"error: invalid date ""24/12/2017""",3952 Melody Drive
Nicol,McCory,17848186139,B,RH+,1984,"error: invalid date ""24/12/2017""",29417 La Follette Place
Nonnah,Towler,82928380351,AB,RH-,1221,"error: invalid date ""24/12/2017""",350 Carey Pass
Donny,Perrot,41454329673,AB,RH+,1514,"error: invalid date ""24/12/2017""",16 American Ash Center
Grata,Buey,08809597346,B,RH-,1070,"error: invalid date ""24/12/2017""",422 Birchwood Drive
Betsy,Wadlow,79586790415,0,RH-,1924,"error: invalid date ""24/12/2017""",7401 Crowley Avenue
Richy,Bolver,27127813695,AB,RH-,1124,"error: invalid date ""24/12/2017""",2115 Scoville Plaza
Nester,Holligan,96396554119,B,RH-,1931,"error: invalid date ""24/12/2017""",82 Bartelt Drive
Jori,Coppens,62276766297,0,RH+,1344,"error: invalid date ""24/12/2017""",991 Towne Trail
Elliott,Coole,84286151733,AB,RH-,1457,"error: invalid date ""24/12/2017""",817 Northwestern Junction
Keelia,Bakeup,08130883446,B,RH+,1414,"error: invalid date ""24/12/2017""",64 Grayhawk Way
Demetria,Considine,86900007726,AB,RH+,1805,"error: invalid date ""24/12/2017""",60 Dottie Terrace
Clemence,Zuann,41357314024,AB,RH+,1161,"error: invalid date ""24/12/2017""",1 Truax Way
Victor,Peterffy,62341268649,AB,RH+,1003,"error: invalid date ""24/12/2017""",671 Kedzie Pass
Mellisent,Otterwell,61787637519,A,RH-,1586,"error: invalid date ""24/12/2017""",86418 Russell Way
Krissie,Kilmartin,41447675898,B,RH-,1575,"error: invalid date ""24/12/2017""",082 Calypso Crossing
Danika,MacSharry,52849483388,AB,RH+,1864,"error: invalid date ""24/12/2017""",2791 Leroy Avenue
Hurleigh,Spaven,61642021113,AB,RH+,1240,"error: invalid date ""24/12/2017""",31362 Swallow Center
Daisey,Trenouth,80999426441,AB,RH+,1902,"error: invalid date ""24/12/2017""",562 Colorado Place
Barbie,Morphet,41410351639,B,RH+,1431,"error: invalid date ""24/12/2017""",8541 Hoffman Circle
Kellia,Libby,37418155861,AB,RH+,1328,"error: invalid date ""24/12/2017""",2 Novick Pass
Ashlee,Fist,39464040544,0,RH-,1747,"error: invalid date ""24/12/2017""",6866 Kedzie Alley
Denna,Saunier,41695308188,AB,RH-,1762,"error: invalid date ""24/12/2017""",890 Merrick Circle
Netta,Hallitt,98941606346,AB,RH+,1682,"error: invalid date ""24/12/2017""",07832 Fallview Hill
Merilee,Melding,32645420997,A,RH+,1949,"error: invalid date ""24/12/2017""",468 Division Lane
Fredrick,Webley,80343435038,B,RH+,1678,"error: invalid date ""24/12/2017""",2996 Dayton Alley
Caren,Sans,72809412578,AB,RH+,1547,"error: invalid date ""24/12/2017""",0 Cody Plaza
Shawna,Szwarc,10798795768,B,RH-,1179,"error: invalid date ""24/12/2017""",84971 Mesta Lane
Phillida,Brookwell,60652999809,AB,RH-,1277,"error: invalid date ""24/12/2017""",6 Nevada Terrace
Pietro,MacCambridge,62945556187,0,RH+,1674,"error: invalid date ""24/12/2017""",8887 Knutson Terrace
Barnebas,Clarey,82609590174,AB,RH-,1934,"error: invalid date ""24/12/2017""",933 Debra Parkway
Estele,Cranny,66002163237,AB,RH-,1611,"error: invalid date ""24/12/2017""",3 Amoth Court
Melvin,Vader,61650002355,0,RH-,1796,"error: invalid date ""24/12/2017""",64239 Heffernan Plaza
Hunfredo,Senton,64774271467,AB,RH+,1999,"error: invalid date ""24/12/2017""",39012 Gina Parkway
Cecil,Salvatore,14897029071,AB,RH-,1570,"error: invalid date ""24/12/2017""",141 Cardinal Avenue
Rene,Babber,38270237350,AB,RH-,1855,"error: invalid date ""24/12/2017""",32 Express Way
Vivi,Plumm,63343754698,B,RH+,1786,"error: invalid date ""24/12/2017""",29390 Bartelt Terrace
Jimmy,MacAnespie,42930637916,A,RH+,1448,"error: invalid date ""24/12/2017""",7 Mitchell Point
Kerri,Parr,23305209377,B,RH-,1867,"error: invalid date ""24/12/2017""",16 Kinsman Hill
Florina,Baybutt,60168667695,B,RH+,1932,"error: invalid date ""24/12/2017""",0274 Sloan Trail
Milissent,Drable,00641808966,B,RH-,1676,"error: invalid date ""24/12/2017""",2128 Logan Court
Dilly,Gile,10692977551,AB,RH-,1845,"error: invalid date ""24/12/2017""",28 Trailsway Point
Jeannie,Danihelka,61796376154,B,RH-,1755,"error: invalid date ""24/12/2017""",9 Miller Court
Thatcher,Culligan,78771729042,A,RH-,1465,"error: invalid date ""24/12/2017""",61 Laurel Road
Brian,Pillinger,53075030820,AB,RH-,1516,"error: invalid date ""24/12/2017""",69787 Mesta Junction
Gustaf,Readhead,14088660136,0,RH-,1147,"error: invalid date ""24/12/2017""",5 Golf View Park
Chelsy,Andrichak,78330970936,AB,RH-,1205,"error: invalid date ""24/12/2017""",302 Lukken Parkway
Rubie,Henrych,02755573990,AB,RH-,1803,"error: invalid date ""24/12/2017""",97429 Hoepker Pass
Wolfie,Klaff,42972521922,0,RH+,1998,"error: invalid date ""24/12/2017""",509 Amoth Crossing
Chrysa,Moneypenny,07069627284,0,RH-,1531,"error: invalid date ""24/12/2017""",9014 Charing Cross Point
Joey,Cornwall,90391010959,A,RH-,1979,"error: invalid date ""24/12/2017""",293 Gina Pass
Dane,Wickwar,05045173309,AB,RH-,1661,"error: invalid date ""24/12/2017""",26 Claremont Alley
Thomasine,De Antoni,25094656798,AB,RH-,1929,"error: invalid date ""24/12/2017""",83083 Thackeray Avenue
Winne,Lamputt,33916046000,B,RH+,1422,"error: invalid date ""24/12/2017""",718 Carioca Plaza
Rockie,Cristofano,66971892557,AB,RH+,1905,"error: invalid date ""24/12/2017""",67522 Sheridan Way
Antonietta,Dowle,86065580833,0,RH-,1387,"error: invalid date ""24/12/2017""",39 Ronald Regan Terrace
Wilfrid,Guiel,53086039692,AB,RH-,1085,"error: invalid date ""24/12/2017""",9 Melody Place
Gaile,Thonger,67903773785,B,RH+,1013,"error: invalid date ""24/12/2017""",274 Saint Paul Park
Beckie,Doughton,14868589655,0,RH-,1828,"error: invalid date ""24/12/2017""",6 Melvin Way
Marchelle,Delgua,62719821745,A,RH+,1169,"error: invalid date ""24/12/2017""",9 Rockefeller Trail
Alexina,Whyborne,19401665210,AB,RH+,1011,"error: invalid date ""24/12/2017""",98 Southridge Place
Codi,Woolliams,00544416796,AB,RH-,1013,"error: invalid date ""24/12/2017""",3 Dottie Place
Gare,Giottini,67318016391,B,RH-,1992,"error: invalid date ""24/12/2017""",5611 Onsgard Point
Mariette,Sleicht,50196310689,A,RH+,1818,"error: invalid date ""24/12/2017""",41913 Glacier Hill Road
Neda,Mustin,95730153179,AB,RH-,1927,"error: invalid date ""24/12/2017""",37727 Dapin Junction
Hettie,Van Daalen,73360833624,AB,RH-,1827,"error: invalid date ""24/12/2017""",2498 Hollow Ridge Trail
Charo,Di Giacomo,78649224837,AB,RH-,1070,"error: invalid date ""24/12/2017""",33257 Veith Street
Faustina,Raimbauld,12288557022,0,RH+,1764,"error: invalid date ""24/12/2017""",23 Northfield Avenue
Petrina,Gilmour,14756167324,AB,RH+,1056,"error: invalid date ""24/12/2017""",71248 Vermont Road
Minnie,Dollin,32260021385,A,RH-,1822,"error: invalid date ""24/12/2017""",52595 Heffernan Point
Farah,McShirrie,23156714726,AB,RH+,1510,"error: invalid date ""24/12/2017""",09 Garrison Pass
Cedric,Sydney,09860395424,AB,RH-,1006,"error: invalid date ""24/12/2017""",7 Prairie Rose Pass
Giacopo,O'Reilly,74834988917,B,RH+,1099,"error: invalid date ""24/12/2017""",72 Oak Valley Point
Laurianne,Kurdani,00155390428,A,RH+,1928,"error: invalid date ""24/12/2017""",774 Independence Way
Danya,Huckerbe,07485939404,AB,RH+,1480,"error: invalid date ""24/12/2017""",9709 Sunbrook Road
Myrvyn,Lambshine,61154162468,AB,RH+,1142,"error: invalid date ""24/12/2017""",2987 Moland Trail
Fawne,Korpal,02523684878,A,RH+,1408,"error: invalid date ""24/12/2017""",76373 Hansons Pass
Dalli,Eglise,69981698681,0,RH+,1378,"error: invalid date ""24/12/2017""",97 Birchwood Crossing
Olly,Phlippsen,26718953040,B,RH-,1461,"error: invalid date ""24/12/2017""",472 Nova Crossing
Mickie,Zaczek,27562435898,0,RH+,1306,"error: invalid date ""24/12/2017""",22938 Coleman Court
Brice,Tigwell,17004331181,AB,RH-,1535,"error: invalid date ""24/12/2017""",199 Russell Place
Carry,Fennell,14683851989,0,RH-,1997,"error: invalid date ""24/12/2017""",5 Manitowish Crossing
